gameID,Game,Played,Platform,ReleaseDate,Developer,Genre,Description,BoxArt,WikipediaPage,RelatedGames
1,Pac-Man,checked,"Wii,PC (Microsoft Windows),PC DOS,Commodore C64/128,Nintendo Entertainment System (NES),ZX Spectrum,MSX,Game Boy,Sega Game Gear,Xbox Live Arcade,Nintendo 3DS,Wii U,PlayStation Network,Virtual Console (Nintendo),Arcade,Mobile,Atari 8-bit,Atari 5200,Intellivision,Commodore VIC-20,Windows Phone,Apple II,Sharp X1,Neo Geo Pocket Color,PC-8801,Fairchild Channel F,Texas Instruments TI-99,PC-98,FM-7,NEC PC-6000 Series",1980-05-22,Namco Limited,"Puzzle,Strategy,Arcade",,https://images.igdb.com/igdb/image/upload/t_1080p/co1hvj.jpg,https://en.wikipedia.org/wiki/Pac-Man,"Super Mario Bros.,Dig Dug,Galaga,Galaxian,Ms. Pac-Man,Snack Attack,Pac-Man Championship Edition,Snack Attack II,Paku Paku,Cruncher"
2,Tetris,checked,"PC DOS,Mac,Commodore C64/128,Amiga,Nintendo Entertainment System (NES),Game Boy Color,ZX Spectrum,MSX,Sega Mega Drive/Genesis,Arcade,WonderSwan,Atari ST/STE,Sega Master System,BBC Microcomputer System,Commodore VIC-20,Apple II,Sharp X1",1984-12-31,Alexey Pajitnov,"Puzzle,Strategy,Arcade",,https://images.igdb.com/igdb/image/upload/t_1080p/co1hvk.jpg,https://en.wikipedia.org/wiki/Tetris,"Numba Deluxe,Rusty Lake Hotel,Rusty Lake: Roots,Quern - Undying Thoughts,Pikuniku,Injection,Invert - Tile Flipping Puzzles,One More Brick,Munchkin Match,Zombie Driver: Immortal Edition"
3,OutRun,checked,"PC DOS,Commodore C64/128,Amiga,Amstrad CPC,ZX Spectrum,MSX,Sega Mega Drive/Genesis,Sega Saturn,Sega Game Gear,Arcade,Atari ST/STE,Sega Master System,TurboGrafx-16/PC Engine",1986-09-25,Sega AM2,"Racing,Arcade",,https://images.igdb.com/igdb/image/upload/t_1080p/wikclvhxdsrgllhzqhfd.jpg,,"Need for Speed: Underground,Need for Speed: Underground 2,Need for Speed: Most Wanted,Need for Speed: Undercover,Gran Turismo,OutRun 2006: Coast 2 Coast,Wreckfest,Midnight Club 3: DUB Edition,Need for Speed: Carbon - Own the City,Zombie Driver: Immortal Edition"
4,Paperboy,checked,"PC DOS,Commodore C64/128,Amiga,Nintendo Entertainment System (NES),Game Boy Color,Amstrad CPC,ZX Spectrum,Sega Mega Drive/Genesis,Game Boy,Sega Game Gear,Arcade,Atari ST/STE,Sega Master System,BBC Microcomputer System,Apple II,Commodore 16,Commodore Plus/4,Apple IIGS,Acorn Electron",1985-12-31,Atari Games Corporation,"Racing,Simulator,Arcade",,https://images.igdb.com/igdb/image/upload/t_1080p/y1ad39sesw16yhq8w2zw.jpg,,"Wreckfest,Paperboy 2,Hurtworld,Human: Fall Flat,Drive Isle,Secret of Mana,Getting Over It with Bennett Foddy,Dude Simulator 2,GRID,Zombie Driver: Immortal Edition"
5,Space Harrier,checked,"Wii,PC DOS,Commodore C64/128,Amiga,Nintendo Entertainment System (NES),Amstrad CPC,ZX Spectrum,Sega 32X,Sega Saturn,Sega Game Gear,Arcade,Atari ST/STE,Sega Master System,Sharp X1,TurboGrafx-16/PC Engine,Sharp X68000,PC-8801,FM-7,NEC PC-6000 Series",1985-12-31,Elite Systems Ltd,Shooter,,https://images.igdb.com/igdb/image/upload/t_1080p/jj3psqxcwdq6ea8togkz.jpg,https://en.wikipedia.org/wiki/Space_Harrier,"Borderlands 3,Payday 3,RICO,Halo Infinite,Gears 5,Doom Eternal,Wolfenstein: Youngblood,Remnant: From the Ashes,Call of Duty: Mobile,Call Of Duty: Modern Warfare"
6,Double Dragon,checked,"Xbox 360,PC DOS,Commodore C64/128,Amiga,Nintendo Entertainment System (NES),Game Boy Advance,Amstrad CPC,ZX Spectrum,MSX,Sega Mega Drive/Genesis,Game Boy,Sega Game Gear,Arcade,Atari 2600,Atari 7800,Atari Lynx,Atari ST/STE,Sega Master System,Neo Geo MVS,Neo Geo AES,Neo Geo CD",1987-08-01,Technos Japan,"Fighting,Platform,Hack and slash/Beat 'em up,Arcade","The player takes control of martial artist Billy Lee, or his twin brother Jimmy (also known as Hammer and Spike in the supplementary materials for the American arcade release), as they fight their way into the turf of the Black Warriors gang in order to rescue their common love interest Marian.",https://images.igdb.com/igdb/image/upload/t_1080p/w1t5vvitjelnspq4rmy7.jpg,https://en.wikipedia.org/wiki/Double_Dragon,"Streets of Rage,Streets of Rage 2,Final Fight,Final Fight 2,Final Fight 3,Contra,Dragon Ball: Advanced Adventure,River City Ransom,Double Dragon 2: The Revenge,Double Dragon IV"
7,After Burner,checked,"Commodore C64/128,Amiga,Arcade,Sega Master System",1987-07-01,Sega AM2,"Shooter,Simulator,Arcade",,https://images.igdb.com/igdb/image/upload/t_1080p/da86yojgmrblhuxieuuc.jpg,https://en.wikipedia.org/wiki/After_Burner,"Breach & Clear,Starmade,Ace Combat 5: The Unsung War,Ace Combat 7: Skies Unknown,Escape From Tarkov,Miscreated,Black Squad,Girls' Frontline,Earth Defense Force: Iron Rain,Zombie Driver: Immortal Edition"
8,Double Dragon 2: The Revenge,checked,"Wii,PC DOS,Commodore C64/128,Amiga,Nintendo Entertainment System (NES),Amstrad CPC,ZX Spectrum,MSX,Sega Mega Drive/Genesis,Nintendo 3DS,Wii U,Arcade,Atari ST/STE,TurboGrafx-16/PC Engine",1988-12-31,Technos Japan,"Fighting,Hack and slash/Beat 'em up,Arcade","The arcade version of Double Dragon II: The Revenge begins with Marian, the damsel in distress from the original Double Dragon, being shot to death by the leader of the Black Warriors. Once again, the players assume the role of brothers Billy and Jimmy Lee, who are now tasked with the duty of avenging Marian's death.",https://images.igdb.com/igdb/image/upload/t_1080p/mjriph67ihwncvpgnfn4.jpg,http://en.wikipedia.org/wiki/Double_Dragon_II:_The_Revenge,"Streets of Rage,Final Fight,Final Fight 2,Final Fight 3,Dragon Ball: Advanced Adventure,River City Ransom,Double Dragon,Double Dragon IV,Brawlout,Double Dragon III: The Sacred Stones"
9,SimCity,checked,"Wii,PC (Microsoft Windows),PC DOS,Mac,Commodore C64/128,Amiga,Super Nintendo Entertainment System (SNES),Amstrad CPC,ZX Spectrum,Virtual Console (Nintendo),Atari ST/STE,BBC Microcomputer System,Acorn Archimedes,FM Towns,Sharp X68000,Acorn Electron,PC-98",1989-10-03,Maxis,"Simulator,Strategy",,https://images.igdb.com/igdb/image/upload/t_1080p/zstbtknsspigdjtul0uu.jpg,https://en.wikipedia.org/wiki/SimCity_(1989_video_game),"SimCity,Banished,Cities: Skylines,RimWorld,Urban Empire,Imperium Romanum,Startup Company,Software Inc.,TransOcean: The Shipping Company,Mashinky"
10,The NewZealand Story,checked,"Commodore C64/128,Amiga,Nintendo Entertainment System (NES),Amstrad CPC,ZX Spectrum,Sega Mega Drive/Genesis,Arcade,Atari ST/STE,Sega Master System,TurboGrafx-16/PC Engine,FM Towns,Sharp X68000",1988-12-31,Taito Corporation,"Shooter,Platform",,https://images.igdb.com/igdb/image/upload/t_1080p/wy8ixgzyxz4coqrjl4rl.jpg,https://en.wikipedia.org/wiki/The_NewZealand_Story,"Super Mario World,Superfighters Deluxe,RICO,Halo Infinite,Gears 5,Doom Eternal,Wolfenstein: Youngblood,Remnant: From the Ashes,Call of Duty: Mobile,Super Mario Maker 2"
11,The Secret of Monkey Island,checked,"PC DOS,Mac,Amiga,Atari ST/STE,Sega CD,FM Towns",1990-10-01,Lucasfilm Games,"Point-and-click,Puzzle,Adventure","Guybrush Threepwood, a young man with desires to become a mighty pirate, travels to Melee Island, a pirate haven. Upon arrival he meets three "" important looking pirates"" in the SCUMM Bar who set him three challenges to test his worthiness. These entail defeating the legendary insult sword fighting master Carla, finding buried treasure and stealing a statue from the governors mansion. During a botched break-in to the mansion he meets and subsequently falls in love with the governor Elaine Marley. Elsewhere the ghost pirate LeChuck is seen pining after the love of his life, the same Elaine Marley, and hatches a plan to capture her. While Guybrush is busy finishing the trials LeChuck and his ghost pirate crew abduct her and take her to Monkey Island. Upon completing the trials Guybrush discovers this revelation, purchases a ship from Stan, a used ship salesman who informs him the ship requires a crew of four people. After gathering Carla, the sword fighting Master he had previously defeated, Meathook, a pirate with two hooks replacing his hands, and Otis a prisoner in Melee Island's Prison Guybrush and crew set sail in pursuit to rescue her.",https://images.igdb.com/igdb/image/upload/t_1080p/co28bp.jpg,https://en.wikipedia.org/wiki/The_Secret_of_Monkey_Island,"Monkey Island 2: LeChuck's Revenge,Myst,Masochisia,Rusty Lake Hotel,Gibbous - A Cthulhu Adventure,Rusty Lake: Roots,The Room: Old Sins,The Darkside Detective,Sky: Children of the Light,A Fisherman's Tale"
12,Michael Jackson's Moonwalker,checked,"PC DOS,Commodore C64/128,Amiga,Amstrad CPC,ZX Spectrum,MSX,Sega Mega Drive/Genesis,Arcade,Atari ST/STE,Sega Master System",1990-07-24,Emerald Software,"Shooter,Music,Platform,Hack and slash/Beat 'em up,Arcade","""Michael!"" Katy's voice rings out - you've found her! But more children are still lost! Can you stop the psycho mastermind Mr. Big and his goon squad before they kidnap all the kids? You can, if you're Michael Jackson! Moonwalk on muggers, lean on meanies, and pop the punks! Outfight, outjump, outdance! Move like only Michael can, to the beat of Smooth Criminal, Beat it, Billie Jean, and Bad! No bad guy can last through Michael's Star Magic! Punch down gangsters in Club 30. Rumble in the streets. Swing, spin, and kick past graveyard ghouls. Chill in the caverns, then sizzle 'em with ultra-tech weapons in Mr. Big's hideout. Experience the baddest video game ever. Defy physics with Michael's dancing! You never lose your cool. See it and be it - Michael Jackson's Moonwalker!",https://images.igdb.com/igdb/image/upload/t_1080p/co1hrq.jpg,https://en.wikipedia.org/wiki/Michael_Jackson's_Moonwalker,"Mega Man X,Cyberpunk 2077,N++,Ziggurat,Challenger,Rise of Incarnates,Immortal: Unchained,Earth Defense Force: Iron Rain,Left Alive,Gene Rain"
13,Batman,checked,"PC DOS,Commodore C64/128,Amiga,Amstrad CPC,ZX Spectrum,MSX,Atari ST/STE",1989-12-31,Ocean Software,"Shooter,Platform,Puzzle,Racing,Strategy,Hack and slash/Beat 'em up",,https://images.igdb.com/igdb/image/upload/t_1080p/y44gy18jski1hxdfgka2.jpg,,"Batman Returns,The Amazing Spider-Man 2,Marvel's Spider-Man,Toby: The Secret Mine,Marvel's Avengers,PLANET ALPHA,Spider-Man: Toxic City,Blast Out,Hob: The Definitive Edition,Zombie Driver: Immortal Edition"
14,Wing Commander,checked,"PC (Microsoft Windows),PlayStation,PC DOS,Mac,Amiga,Super Nintendo Entertainment System (SNES),Game Boy Advance,3DO Interactive Multiplayer,Sega CD,Amiga CD32",1990-01-01,Origin Systems,Simulator,"The player takes the role of a nameless pilot aboard the TCS Tiger's Claw, a Bengal-class Strike Carrier. The player gets to name the pilot and choose his call sign. The pilot (known in-production to Origin personnel as ""Bluehair"", after his most notable feature) quickly rises through the ranks of the flight wing and (presuming the player performs ideally in the cockpit) eventually leads a strike on the Kilrathi High Command starbase in the Venice system. On the other hand, if the player does not perform optimally, missions become increasingly defensive in nature, and eventually the Claw is forced to retreat.",https://images.igdb.com/igdb/image/upload/t_1080p/xkn7w3ip3zzzjiw0efdk.jpg,https://en.wikipedia.org/wiki/Wing_Commander_(video_game),"Space Engineers,Starmade,RimWorld,Planetbase,Imagine Earth,Unclaimed World,Dig or Die,Star Control: Origins,Sol 0: Mars Colonization,Immortal: Unchained"
15,Monkey Island 2: LeChuck's Revenge,checked,"PC DOS,Mac,Amiga",1991-12-01,LucasArts,"Point-and-click,Puzzle,Adventure",,https://images.igdb.com/igdb/image/upload/t_1080p/ymf2ctacqxxgdldoky5b.jpg,https://en.wikipedia.org/wiki/Monkey_Island_2:_LeChuck%27s_Revenge,"The Secret of Monkey Island,Myst,Masochisia,Rusty Lake Hotel,Toby: The Secret Mine,Forgotton Anne,Rusty Lake: Roots,Don't Knock Twice,The Room: Old Sins,PLANET ALPHA"
16,Sonic the Hedgehog,checked,"Wii,PC (Microsoft Windows),PlayStation 3,Xbox 360,Sega Mega Drive/Genesis,Android,iOS,Virtual Console (Nintendo)",1991-06-23,Sonic Team,"Platform,Adventure",,https://images.igdb.com/igdb/image/upload/t_1080p/co1hl8.jpg,https://en.wikipedia.org/wiki/Sonic_the_Hedgehog_(1991_video_game),"Chasm,Sonic the Hedgehog 2,Sonic the Hedgehog,Vagante,Sonic Mania,Celeste,Dead Cells,Children of Morta,Pikuniku,Dream Alone"
17,Street Fighter II,checked,"PC (Microsoft Windows),PC DOS,Commodore C64/128,Amiga,Super Nintendo Entertainment System (SNES),Amstrad CPC,ZX Spectrum,Game Boy,Virtual Console (Nintendo),Arcade,Super Famicom,Atari ST/STE",1991-02-06,Capcom,"Fighting,Platform",,https://images.igdb.com/igdb/image/upload/t_1080p/co1hq8.jpg,https://en.wikipedia.org/wiki/Street_Fighter_II:_The_World_Warrior,"Syndicate,Super Metroid,The Lion King,Chasm,The Talos Principle,Hyper Light Drifter,Owlboy,Downwell,Dead Cells,Street Fighter X Mega Man"
18,Microsoft Solitaire,checked,PC (Microsoft Windows),1990-12-31,Microsoft,Card & Board Game,,https://images.igdb.com/igdb/image/upload/t_1080p/vsn48jvqe5luzcsljowo.jpg,https://en.wikipedia.org/wiki/Microsoft_Solitaire,"The Settlers: Rise of an Empire,Might & Magic Heroes VII,Endless Space 2,Basement,Sexy Poker,Reverse Crawl,Cthulhu Realms,Slay the Spire,Yu-Gi-Oh! Power of Chaos: Yugi the Destiny,Yu-Gi-Oh! Online"
19,Lemmings,checked,"PlayStation 3,PC DOS,Amiga,Nintendo Entertainment System (NES),Amstrad CPC,Sega Mega Drive/Genesis,Sega Game Gear,3DO Interactive Multiplayer,Atari Lynx,Atari ST/STE,Sega Master System,Amiga CD32",1991-02-14,DMA Design,"Platform,Puzzle,Strategy",,https://images.igdb.com/igdb/image/upload/t_1080p/hpwjcwfee90tvvkmsr6u.jpg,https://en.wikipedia.org/wiki/Lemmings_(video_game),"Lemmings 2: The Tribes,Worms,Oh No! More Lemmings,Human: Fall Flat,Toby: The Secret Mine,Forgotton Anne,Mario + Rabbids Kingdom Battle,Semblance,Pikuniku,Dream Alone"
20,Sonic the Hedgehog 2,checked,"PlayStation 3,Xbox 360,Sega Mega Drive/Genesis,Nintendo 3DS",1992-11-21,Sega Technical Institute,"Platform,Adventure",,https://images.igdb.com/igdb/image/upload/t_1080p/co1hnn.jpg,https://en.wikipedia.org/wiki/Sonic_the_Hedgehog_2,"Super Mario 64,Sonic the Hedgehog,Chasm,Sonic the Hedgehog CD,Sonic Advance,Vagante,Sonic Mania,Tunic,Forgotton Anne,Dream Alone"
21,Mortal Kombat,checked,"PC DOS,Amiga,Super Nintendo Entertainment System (SNES),Sega Mega Drive/Genesis,Game Boy,Sega Game Gear,Arcade,Sega CD",1992-08-02,Probe Software,Fighting,"Seven martial artists from Earth must battle in sorcerer Shang Tsung's super secret tournament. For the past 9 of these tournaments, Shang Tsung's four-armed mutant bodyguard Goro has won all of them. Should he win the tenth, Earth will be left at the mercy of Shang Tsung's Outworld. Playable characters include Raiden, the Thunder God invited to fight in the tournament, in human (and thus killable) form; Liu Kang, a Shaolin monk determined to stop Shang Tsung; Johnny Cage, a Hollywood movie star who wants the publicity; Sonya Blade, a US Special Forces agent; Kano, a tyrant being pursued by Sonya Blade; Sub-Zero, a mercenary ninja with orders to assassinate Shang Tsung and Scorpion, a murdered ninja who has been brought back from the dead to try and kill Sub-Zero, the man who murdered him.",https://images.igdb.com/igdb/image/upload/t_1080p/co1hno.jpg,https://en.wikipedia.org/wiki/Mortal_Kombat_(1992_video_game),"Mortal Kombat,Tekken,Tekken 2,Tekken 3,Tekken 4,Tekken 5,Mortal Kombat 3,Ultimate Mortal Kombat 3,Mortal Kombat 4,Mortal Kombat Trilogy"
22,Ecco the Dolphin,checked,"Linux,Wii,PC (Microsoft Windows),Sega Mega Drive/Genesis,Sega Game Gear,Xbox Live Arcade,Nintendo 3DS,iOS,Virtual Console (Nintendo),Sega Master System,Sega CD",1992-07-31,Novotrade,Adventure,"The game opens with Ecco, a bottlenose dolphin, as he and his pod are swimming in their home bay. A podmate challenges Ecco to a game to see how high he can jump into the air. When he is in the air, a giant waterspout forms and sucks up all marine life in the bay except Ecco, leaving him alone in the bay. Upon leaving the bay, Ecco swims around meeting other marine life including other dolphins who tell them they have felt the storm and the entire ocean is in chaos. An orca Ecco encounters tells him to travel to the Arctic to meet the ""Big Blue,"" an old blue whale revered by marine life for its age and wisdom, who might be able to help him on his journey. Arriving in the Arctic after a long travel through the ocean, Ecco finds the Big Blue who informs the dolphin the storms occur every 500 years. Though the Big Blue doesn't know what causes the storms, he suggests Ecco find the Asterite, the oldest life form on Earth. He leaves the Arctic and travels to a deep cavern where he finds the Asterite. The Asterite greets Ecco telling him though it has the power to aid him, the Asterite cannot because orbs from its body have been lost. The Asterite tells him to go to the sunken ruins of the city of Atlantis, and use the time machine left behind by the Atlanteans. 
 
Ecco travels to the sunken city of Atlantis, where he discovers an ancient library filled with Glyphs, giant crystals stored with information. From the library Ecco learns the origins of the storms, an alien race known as the Vortex lost the ability to produce food on their planet, so every 500 years when the planets align, they use their technology to harvest the waters of Earth. The Atlanteans fought a long war with the Vortex that ended when a beam struck Atlantis from space sending the city into the depths of the ocean. Learning this, he activates the time machine and travels 55 million years into Earth's past. While Ecco is in the past he learns an ancient song to communicate with a Pteranodon. Ecco locates the Asterite in the past but is immediately attacked by it. Forced into battle, he manages to dislodge a globe from it. This opens a time portal and he is sent back into the present. After receiving the globe, the Asterite grants him the power to turn his sonar into a deadly weapon against the Vortex, as well as the abilities to breathe underwater and to slowly regenerate lost health. The Asterite instructs him to use the time machine to travel back in time to the hour of the harvest. This time he manages to be sucked into the waterspout with his pod. Ecco is sent flying through outer space to a giant tube-like machine. Making his way through the construct Ecco arrives on the planet Vortex engaging the aliens in combat. He makes his way to the Vortex Queen and engages her in a fight. When the Queen is defeated she spits out Ecco's pod she ate and they make their quick escape back to Earth.",https://images.igdb.com/igdb/image/upload/t_1080p/co23oy.jpg,https://en.wikipedia.org/wiki/Ecco_the_Dolphin_(video_game),"Super Metroid,Starbound,Chasm,No Man's Sky,Ecco: The Tides of Time,ABZÛ,Aquaria,Ziggurat,Sonic Mania,Children of Morta"
23,Myst,checked,"PC (Microsoft Windows),PlayStation,Mac,Nintendo DS,Sega Saturn,PlayStation Portable,iOS",1993-09-24,Cyan Worlds,"Point-and-click,Puzzle,Adventure",,https://images.igdb.com/igdb/image/upload/t_1080p/co1rr8.jpg,https://en.wikipedia.org/wiki/Myst,"Rusty Lake: Roots,The Room: Old Sins,PLANET ALPHA,Sky: Children of the Light,Eternity: The Last Unicorn,Torchlight III,A Fisherman's Tale,Iris.Fall,Pokémon Shield,Hob: The Definitive Edition"
24,Doom,checked,"Linux,PC (Microsoft Windows),PlayStation,PC DOS,Mac,Super Nintendo Entertainment System (SNES),Game Boy Advance,Sega 32X,Sega Saturn,Xbox Live Arcade,iOS,3DO Interactive Multiplayer,Super Famicom,Atari Jaguar,Nintendo Switch",1993-12-10,Rage Software,Shooter,"The player takes the role of a marine (unnamed to further represent the person playing), ""one of Earth's toughest, hardened in combat and trained for action"", who has been incarcerated on Mars after assaulting a senior officer when ordered to fire upon civilians. There, he works alongside the Union Aerospace Corporation (UAC), a multi-planetary conglomerate and military contractor performing secret experiments on interdimensional travel. Recently, the teleportation has shown signs of anomalies and instability, but the research continues nonetheless. 
 
Suddenly, something goes wrong and creatures from hell swarm out of the teleportation gates on Deimos and Phobos. A defensive response from base security fails to halt the invasion, and the bases are quickly overrun by monsters; all personnel are killed or turned into zombies 
 
A military detachment from Mars travels to Phobos to investigate the incident. The player is tasked with securing the perimeter, as the assault team and their heavy weapons are brought inside. Radio contact soon ceases and the player realizes that he is the only survivor. Being unable to pilot the shuttle off of Phobos by himself, the only way to escape is to go inside and fight through the complexes of the moon base.",https://images.igdb.com/igdb/image/upload/t_1080p/co1rvy.jpg,https://en.wikipedia.org/wiki/Doom_(1993_video_game),"Star Wars: Battlefront II,Crysis 2,Rage,Halo 2,Get Even,Sniper: Ghost Warrior 3,Metro Exodus,Immortal: Unchained,Earth Defense Force: Iron Rain,Left Alive"
25,Day of the Tentacle,checked,"PC DOS,Mac",1993-06-25,LucasArts,"Point-and-click,Adventure",,https://images.igdb.com/igdb/image/upload/t_1080p/a0uq13rykbab3ot1n9hv.jpg,https://en.wikipedia.org/wiki/Day_of_the_Tentacle,"Dishonored,Bioshock Infinite,Gone Home,Wolfenstein: The New Order,The Vanishing of Ethan Carter,The Wolf Among Us,Broken Age,Murdered: Soul Suspect,SOMA,The Cat Lady"
26,Flashback,checked,"PC DOS,Mac,Amiga,Super Nintendo Entertainment System (SNES),Sega Mega Drive/Genesis,3DO Interactive Multiplayer,Atari Jaguar,Sega CD,Acorn Archimedes,Philips CD-i",1992-12-31,Delphine Software,"Platform,Adventure",,https://images.igdb.com/igdb/image/upload/t_1080p/co1p55.jpg,,"Star Control: Origins,Marvel's Avengers,PLANET ALPHA,Immortal: Unchained,Control,Gene Rain,Rebel Galaxy Outlaw,Apsulov: End of Gods,Hob: The Definitive Edition,Hell Pie"
27,Dune,checked,"PC DOS,Amiga,Sega CD",1992-12-31,Cryo Interactive,"Real Time Strategy (RTS),Strategy,Hack and slash/Beat 'em up,Adventure",,https://images.igdb.com/igdb/image/upload/t_1080p/co1iyr.jpg,https://en.wikipedia.org/wiki/Dune_(video_game),"Dune II: The Building of a Dynasty,Dune 2000,Star Wars: Empire At War,StarCraft II: Wings of Liberty,Homeworld: Remastered Collection,Praetorians,RimWorld,Ashes of the Singularity,Planetbase,Bannermen"
28,Alone in the Dark,checked,"PC DOS,Mac,iOS,3DO Interactive Multiplayer",1992-12-31,Kung Fu Factory,"Puzzle,Adventure",,https://images.igdb.com/igdb/image/upload/t_1080p/co1p4p.jpg,https://en.wikipedia.org/wiki/Alone_in_the_Dark#Alone_in_the_Dark_(1992),"Silent Hill 2,Alone in the Dark 2,Alone in the Dark: The New Nightmare,Dying Light,Call of Cthulhu,Draugen,Bloodstained: Ritual of the Night,The Cat Lady,Human: Fall Flat,Don't Knock Twice"
29,Star Wars: X-Wing,checked,"PC DOS,Mac",1993-02-01,Totally Games,"Shooter,Simulator","Players assume the role of a Rebel pilot fighting the Galactic Empire before and during the climactic battle of the first Star Wars film. The story consists of three tours of duty of 12 to 14 operations each; although the tours can be played out of order, operations within each tour are played linearly. Briefings, cutscenes, and in-flight messages advance the plot. Additionally, a limited edition of the game came packaged with a 96-page novella, The Farlander Papers by Rusel DeMaria, that provides story information. The novella, later made part of Prima Publishing's strategy guide, presents a pilot name Keyan Farlander as the player's character for most of the operations.[2]",https://images.igdb.com/igdb/image/upload/t_1080p/shfbg0zpssebtmegrxuf.jpg,https://en.wikipedia.org/wiki/Star_Wars:_X-Wing,"Space Engineers,Homeworld: Remastered Collection,Starmade,Planetbase,Unclaimed World,MechWarrior 5: Mercenaries,Sol 0: Mars Colonization,Immortal: Unchained,Earth Defense Force: Iron Rain,Rebel Galaxy Outlaw"
30,Doom II: Hell on Earth,checked,"PC (Microsoft Windows),PC DOS,Mac,Game Boy Advance,Xbox Live Arcade,Tapwave Zodiac,Nintendo Switch",1994-09-30,id Software,Shooter,"The continuous 30 levels are divided into four areas; UAC Underground, UAC's Starport (Hellish Outpost), City, and Hell. 
 
Immediately following the events in Doom, the player once again assumes the role of the unnamed space marine. After defeating the demon invasion of the Mars moon bases and returning from Hell (the manifestation of Hell where the Deimos moon floats over), Doomguy finds that Earth has also been invaded by the demons, who have killed billions of people.[10][11] 
 
The humans who survived the attack have developed a plan to build massive spaceships which will carry the remaining survivors into space. Once the ships are ready, the survivors prepare to evacuate Earth. Unfortunately, Earth's only ground spaceport gets taken over by the demons, who place a flame barrier over it, preventing any ships from leaving.[10] The marine then battles hordes of demons and is able to deactivate the force field, allowing the remaining humans to escape. Once all the survivors escape Earth, the marine is the only human left on the planet.[12] 
 
Just as he sits down to await death, knowing that he saved mankind, the marine then receives an off-planet transmission from the survivors in orbit, who have managed to find out where the armies of Hell are coming from. The message reveals that the demonic base is in the center of the marine's own hometown. He then fights through the city until he reaches the base, but sees there is no way to stop the invasion on that side. He then decides to step into the portal to try deactivating it from the other side, entering Hell (a different Hell than the one that the Deimos moon floats over in the first Doom). 
 
After fighting through the hordes of Hell, the marine reaches the location of the biggest demon he has ever seen, called the Icon of Sin (Baphomet). He kills the Icon of Sin by firing rockets into its exposed brain. Its death causes devastation on Hell, and the portal to Earth has been sealed. Now with Hell defeated, the marine joins with the other humans in an effort to rebuild and restore life on Earth.",https://images.igdb.com/igdb/image/upload/t_1080p/co1mwh.jpg,https://en.wikipedia.org/wiki/Doom_II,"Half-Life,Wolfenstein 3D,Quake II,Quake 4,Singularity,Syndicate,Wolfenstein: The New Order,Doom 64,DOOM,The Ultimate Doom"
31,UFO: Enemy Unknown,checked,"PC (Microsoft Windows),PlayStation,PC DOS,Amiga",1994-03-31,Mythos Games,"Strategy,Turn-based strategy (TBS),Tactical",,https://images.igdb.com/igdb/image/upload/t_1080p/ktncvwaufyr5m92pwuap.jpg,,"Deus Ex,XCOM: Enemy Unknown,Wolfenstein: The New Order,The Vanishing of Ethan Carter,Dying Light,The Witness,SOMA,XCOM 2,The Cat Lady,Prey"
32,Lemmings 2: The Tribes,checked,"PC DOS,Amiga,Super Nintendo Entertainment System (SNES),Sega Mega Drive/Genesis,Game Boy,Sega Game Gear,Atari ST/STE,Sega Master System",1993-12-31,DMA Design,"Puzzle,Sport,Strategy",,https://images.igdb.com/igdb/image/upload/t_1080p/a6cr1kyletwtrlhk91uh.jpg,,"Banished,Lemmings,Original War,RimWorld,Legends of Eisenwald,Planetbase,Battle Brothers,Life is Feudal: Forest Village,Sol 0: Mars Colonization,Medieval Kingdom Wars"
33,Sonic the Hedgehog 3,checked,"Wii,Xbox 360,Sega Mega Drive/Genesis,Virtual Console (Nintendo)",1994-02-02,Sonic Team,"Platform,Adventure","After Sonic defeats Dr. Robotnik at the end of Sonic the Hedgehog 2, his space station, the Death Egg, crash-lands on a mystical floating landmass called Angel Island (or simply ""the Floating Island"" as it's called in the game manual). As Dr. Robotnik begins to repair the damaged station, he meets up with Knuckles the Echidna, the last surviving member of an ancient civilization of Echidnas that once inhabited the island. He is also the guardian of the Master Emerald, which grants the island its levitation powers. 
 
Knowing Sonic and Tails will try to track him down, and realizing he can use the Master Emerald to power the ship, Dr. Robotnik dupes Knuckles into believing Sonic is trying to steal his Emerald. Shortly after, Sonic and Tails in their biplane, the Tornado, are in search of Dr. Robotnik. Sonic, possessing the emeralds from the events of Sonic 2, then turns into Super Sonic. As soon as they arrive, Knuckles ambushes Sonic from underground and knocks the Chaos Emeralds from him, returning him to normal. Knuckles steals the Emeralds and disappears inland. As Sonic and Tails travel through the levels, they encounter Knuckles in almost every level, hindering their progress. 
 
In the last level, the Launch Base Zone, the Death Egg launches off for the second time, knocking Knuckles off a pole and sending him plummeting into the water. Sonic travels to a platform on the Death Egg, fights, and defeats Robotnik for the last time. The Death Egg is seen damaged and falling after Robotnik's defeat, after which it crashes back onto Angel Island- leading into the second half of the story in Sonic & Knuckles.",https://images.igdb.com/igdb/image/upload/t_1080p/co1n9m.jpg,https://en.wikipedia.org/wiki/Sonic_the_Hedgehog_3,"Sonic Advance,Vagante,Toby: The Secret Mine,Tunic,Forgotton Anne,Celeste,Ori and the Will of the Wisps,Pikuniku,Dream Alone,Unbound: Worlds Apart"
34,Star Wars: TIE Fighter,checked,"PC DOS,Mac",1994-01-01,Totally Games,"Shooter,Simulator",,https://images.igdb.com/igdb/image/upload/t_1080p/c4epkmvzf5hwifumeypx.jpg,https://en.wikipedia.org/wiki/Star_Wars:_TIE_Fighter,"Star Wars: X-Wing,Star Wars: X-Wing Alliance,Star Wars: X-Wing vs. TIE Fighter,No Man's Sky,Star Wars: Rogue Squadron II - Rogue Leader,Starmade,Unclaimed World,Empyrion - Galactic Survival,Star Wars Battlefront II,Immortal: Unchained"
35,Alone in the Dark 2,checked,"PlayStation,PC DOS,Mac,Sega Saturn,3DO Interactive Multiplayer",1993-12-31,Infogrames,"Puzzle,Adventure",,https://images.igdb.com/igdb/image/upload/t_1080p/co1p4q.jpg,,"Alone in the Dark: The New Nightmare,Dollhouse,How to Survive 2,Visage,The Sinking City,Dead Age,Don't Knock Twice,Dream Alone,Remnant: From the Ashes,Pacify"
36,Sega Rally Championship,checked,"PC (Microsoft Windows),PlayStation 2,Game Boy Advance,Sega Saturn,N-Gage,Arcade",1994-10-01,United Game Artists,"Racing,Sport",,https://images.igdb.com/igdb/image/upload/t_1080p/f0zr4usoti2n40wse6qs.jpg,,"Need for Speed: Underground,Need for Speed: Underground 2,Need for Speed: ProStreet,Forza Horizon,Wreckfest,Assetto Corsa,Midnight Club 3: DUB Edition,TrackMania,LA Street Racing,Forza Motorsport 8"
37,Beneath a Steel Sky,checked,"Linux,PC (Microsoft Windows),PC DOS,Mac,Amiga,iOS,Amiga CD32",1994-03-01,Revolution Software,"Point-and-click,Adventure","Robert Foster was stranded as a child in a place called The Gap. There he was adopted by the local Aboriginals living there. After several years The Gap is attacked by security officers, killing the locals and taking Robert back to Union City. He manage to escape and finds out more and more about the corruption that runs society.",https://images.igdb.com/igdb/image/upload/t_1080p/co28s3.jpg,https://en.wikipedia.org/wiki/Beneath_a_Steel_Sky,"Indiana Jones and the Fate of Atlantis,The Dig,Cyberpunk 2077,Imagine Earth,Unclaimed World,Rusty Lake: Roots,Survivalist,Rusty Lake Paradise,Immortal: Unchained,3 Minutes to Midnight"
38,Tekken 2,checked,"PlayStation,PlayStation 2,PlayStation Network,Arcade",1995-09-29,Namco,Fighting,"A worldwide martial arts tournament was nearing its finale. A large purse of prize money which was to be awarded to the fighter who could defeat Heihachi Mishima in the final round provided incentive for warriors from all over the globe. 
 
Financed and sponsored by the giant financial groups, the Mishima Zaibatsu, the first Tekken tournament began with eight fighters, all of whom had emerged victorious in death matches held all over the world, all motivated by different motives, all possessing the skill and power to crumble mountains. 
 
Many battles were fought. But only one lone warrior emerged with the right to challenge Heihachi Mishima for the title of King of the Iron Fist. 
 
This warrior was Kazuya Mishima, Heihachi's cold blooded son. Bearing the scar given to him by Heihachi, he enters into vicious combat with his father on the same field where Heihachi last struck down his own son and dropped him into a trench at age five. 
 
After a grueling battle which raged on for hours, Kazuya emerged victorious by utilizing the skills which had been passed down from generation to generation of the Mishima clan. 
 
As Heihachi's broken body lay on the ground, Kazuya dropped to his knees and slowly lifted his father into his arms. Walked slowly to the edge of the same cliff where his father had left him to die, stared out over the landscape of all that was now his, and let go of his father's body. As Heihachi's body plummeted, Kazuya's smile gleamed in the sunlight... 
 
One year has passed. The Mishima Zaibatsu under Kazuya's leadership has become even more powerful with its tendrils reaching to all corners of the world. Soon after his father's apparent death, Kazuya disappears into the shadows. However, rumors of his immense power, and a dark side, slowly begin to spread throughout the world. 
 
Exactly two years after the first Tekken tournament, a message is relayed from the Mishima Zaibatsu fortress to news agencies all over the world announcing a second tournament with a prize a thousand times that of the first. 
 
So the tournament begins...",https://images.igdb.com/igdb/image/upload/t_1080p/co1ong.jpg,https://en.wikipedia.org/wiki/Tekken_2,"Tekken Advance,Tekken,Tekken 3,Tekken 4,Tekken 5,Tekken 6,Tekken Tag Tournament,Mortal Kombat 3,Ultimate Mortal Kombat 3,Marvel vs. Capcom 2: New Age of Heroes"
39,Theme Park,checked,"PlayStation,PC DOS,Mac,Amiga,Super Nintendo Entertainment System (SNES),Nintendo DS,Sega Mega Drive/Genesis,Sega Saturn,3DO Interactive Multiplayer,Super Famicom,Atari Jaguar,Sega CD,Amiga CD32",1994-12-31,Krisalis Software,"Real Time Strategy (RTS),Simulator,Strategy",,https://images.igdb.com/igdb/image/upload/t_1080p/gvmremnlcv6aw9oruosw.jpg,https://en.wikipedia.org/wiki/Theme_Park_(video_game),"RimWorld,Planetbase,Project Aura,Imperium Romanum,Startup Company,Another Brick in the Mall,Software Inc.,TransOcean: The Shipping Company,Anno 1800,Mashinky"
40,Worms,checked,"PC (Microsoft Windows),PlayStation,PC DOS,Mac,Amiga,Super Nintendo Entertainment System (SNES),Sega Saturn,Atari Jaguar,Amiga CD32",1995-12-31,Team17,Strategy,,https://images.igdb.com/igdb/image/upload/t_1080p/co1ofk.jpg,https://en.wikipedia.org/wiki/Worms_(1995_video_game),"Worms Armageddon,Worms: Reloaded,Worms 3D,Worms World Party,Worms HD,Worms: Ultimate Mayhem,Aarklash: Legacy,Worms: Open Warfare,Worms: Open Warfare 2,Worms 2: Armageddon"
41,Duke Nukem 3D,checked,"PC (Microsoft Windows),PlayStation,PlayStation 3,Xbox 360,PC DOS,Mac,Sega Mega Drive/Genesis,Sega Saturn,iOS,PlayStation Vita,PlayStation 4",1996-01-29,Lobotomy Software,Shooter,,https://images.igdb.com/igdb/image/upload/t_1080p/nctdw391mcn9v5cyn9o2.jpg,https://en.wikipedia.org/wiki/Duke_Nukem_3D,"Deus Ex,Dishonored,Grand Theft Auto V,Wolfenstein: The New Order,Murdered: Soul Suspect,DOOM,Deus Ex: Mankind Divided,SOMA,The Cat Lady,Prey"
42,Command & Conquer: Red Alert,checked,"PC (Microsoft Windows),PlayStation,PlayStation 3,PC DOS,PlayStation Portable",1996-11-22,Westwood Studios,"Real Time Strategy (RTS),Strategy","In 1946, Albert Einstein finishes his time machine, dubbed the Chronosphere, and travels back in time to 1924, just after Adolf Hitler was released from prison in Landsberg. There, he creates a time paradox which erases the dictator from history, and returns to his starting point. 
 
With Nazi Germany removed from history, the Soviet Union is left unopposed as Joseph Stalin sees an opportunity to expand into Eastern Europe. In response, most of Europe ally against this new threat, and start a desperate war against the new aggressor.",https://images.igdb.com/igdb/image/upload/t_1080p/co1nx0.jpg,https://en.wikipedia.org/wiki/Command_%26_Conquer:_Red_Alert,"Supreme Commander,Command & Conquer: Generals,Rise of Nations,Command & Conquer: Red Alert 3,Knights of Honor,World War III: Black Gold,Original War,Imperium Romanum,Command Ops 2,Age of Empires IV"
43,Syndicate Wars,checked,"PlayStation,PC DOS",1996-10-31,Bullfrog Productions,"Strategy,Tactical","“Remember, the meek shall inherit nothing.” - The Book of Cataclysm

Congratulations on becoming our newest EuroCorp Executive! You now hold the distinctive honor of being one of the few who will determine the shape of our Company. Your EX-ALFA3 clearance allows you to use the Marionette Remote Drone Operation Suite. Your squad of Agents will follow every order without fail or question, and you are free to eliminate or destroy any targets as you see fit. This will serve you well as those zealots of the Church of the New Epoch think they can compete against our Company. Your mission is to remove them completely. To that end, we have transferred 50,000 EuroCorp credits to your account. Failure to use your funds wisely or to eliminate the competition will require you to auto-euthanize. We feel confident that your skills and integrity will ensure that this state of affairs will never arise.

Sincerely,
The EuroCorp Board of Directors",https://images.igdb.com/igdb/image/upload/t_1080p/jik18ilxkogyurxyfave.jpg,,"Syndicate,Syndicate: American Revolt,Original War,RimWorld,Planetbase,StarDrive 2,Polaris Sector,Star Control: Origins,Sol 0: Mars Colonization,Immortal: Unchained"
44,Grand Theft Auto,checked,"PC (Microsoft Windows),PlayStation,PC DOS",1997-10-21,DMA Design,"Shooter,Racing,Adventure",,https://images.igdb.com/igdb/image/upload/t_1080p/co1nxs.jpg,https://en.wikipedia.org/wiki/Grand_Theft_Auto_(video_game),"Grand Theft Auto III,Grand Theft Auto IV,Grand Theft Auto: San Andreas,Grand Theft Auto: Vice City,Grand Theft Auto 2,Watch_Dogs,Grand Theft Auto: Vice City Stories,Grand Theft Auto: Liberty City Stories,Grand Theft Auto: Chinatown Wars,Watch Dogs 2"
45,Oddworld: Abe's Oddysee,checked,"PC (Microsoft Windows),PlayStation,PC DOS,Game Boy,PlayStation Network",1997-09-19,Saffire,"Platform,Puzzle,Adventure",,https://images.igdb.com/igdb/image/upload/t_1080p/sdx9abbjy3oukwdxvzvs.jpg,https://en.wikipedia.org/wiki/Oddworld:_Abe%27s_Oddysee,"Dishonored,Oddworld: Abe's Exoddus,Beyond Good & Evil,The Vanishing of Ethan Carter,Middle-earth: Shadow of Mordor,No Man's Sky,INSIDE,The Talos Principle,Ziggurat,Human: Fall Flat"
46,Half-Life,checked,"PC (Microsoft Windows),Mac",1998-11-27,Valve Corporation,"Shooter,Puzzle,Adventure","Dr. Gordon Freeman arrives late for work at 8:47 am in the Black Mesa Research Facility, using the advanced Black Mesa tram system that leads through the facility. He arrives at the Anomalous Materials Lab, his work place, and he is informed by the security officer that the scientists have a special experiment today, so he goes to the locker room and puts on the hazard suit. He goes to the lab's lower levels, and arrives at the Anti-Mass Chamber, where he is instructed that the specimen to be used that day is the rarest and also the most unstable specimen. He is tasked with pushing the specimen into the scanning beam of the Anti-Mass Spectrometer for analysis. However as soon as he pushes it, it explodes, and creates a sudden catastrophe called a ""resonance cascade"", opening a portal between Earth and a dimension called Xen. Freeman is apparently teleported to an alien planet and catches glimpses of various alien lifeforms, including a circle of Vortigaunts, shortly before blacking out.",https://images.igdb.com/igdb/image/upload/t_1080p/co1mwo.jpg,https://en.wikipedia.org/wiki/Half-Life_(video_game),"Half-Life 2,Counter-Strike,Half-Life 2: Episode Two,Half-Life 2: Episode One,Quake 4,Singularity,Syndicate,Wolfenstein: The New Order,Black Mesa,DOOM"
47,X-COM: Interceptor,checked,PC (Microsoft Windows),1998-05-31,MicroProse,"Real Time Strategy (RTS),Simulator,Strategy",,https://images.igdb.com/igdb/image/upload/t_1080p/iynhbgvsxyk1xtq8hrzq.jpg,,"RimWorld,Endless Space 2,Planetbase,Imagine Earth,Unclaimed World,The Long Journey Home,Polaris Sector,Dead Age,Judgment: Apocalypse Survival Simulation,Sol 0: Mars Colonization"
48,Grand Theft Auto 2,checked,"PC (Microsoft Windows),PlayStation,Game Boy Color,Dreamcast",1999-10-22,DMA Design,"Shooter,Racing",,https://images.igdb.com/igdb/image/upload/t_1080p/co1nxu.jpg,https://en.wikipedia.org/wiki/Grand_Theft_Auto_2,"Grand Theft Auto III,Grand Theft Auto IV,Grand Theft Auto: San Andreas,Grand Theft Auto: Vice City,Grand Theft Auto,Grand Theft Auto V,Watch_Dogs,Grand Theft Auto: Vice City Stories,Grand Theft Auto: Chinatown Wars,Watch Dogs 2"
49,Command & Conquer: Tiberian Sun,checked,PC (Microsoft Windows),1999-08-20,Westwood Studios,"Real Time Strategy (RTS),Strategy","While the game is set only twenty years after its predecessor, the world of Tiberian Sun is much different. The lethal Tiberium continues to infect the world at an ever-increasing rate which has made most of the Earth uninhabitable for human beings. To survive, GDI has moved to the arctic regions of the world while NOD has set up camp underground. 
 
The game’s story is driven by the difference in goals between GDI and NOD. As GDI strives to maintain world peace and discover the root cause of Tiberium, NOD is hell-bent on achieving world domination. The story is complicated by the apparent loss of Kane, NOD’s leader, at the end of the first Tiberian War which has thrown the Brotherhood into leaderless disarray, but do not count them out just yet as NOD has created through genetic mutation via Tiberium a set of ultra-powerful units that more than compensate for the clan’s lack of organization.",https://images.igdb.com/igdb/image/upload/t_1080p/co1nxm.jpg,https://en.wikipedia.org/wiki/Command_%26_Conquer:_Tiberian_Sun,"Command & Conquer: Red Alert 2,Supreme Commander,Command & Conquer: Red Alert,Command & Conquer 3: Tiberium Wars,Act of War: Direct Action,Command & Conquer,Command & Conquer: Generals,Rise of Nations,Supreme Commander: Forged Alliance,Command & Conquer: Red Alert 3"
50,Worms Armageddon,checked,"Nintendo 64,PC (Microsoft Windows),PlayStation,Mac,Game Boy Color,Dreamcast",1999-01-29,Team17,"Shooter,Platform,Strategy",,https://images.igdb.com/igdb/image/upload/t_1080p/co1rkc.jpg,https://en.wikipedia.org/wiki/Worms_Armageddon,"Rogue Warrior,Worms: Reloaded,Worms 3D,Worms 4: Mayhem,Worms World Party,Worms Battlegrounds,Worms,Worms HD,Worms: Ultimate Mayhem,Worms 2: Armageddon"
51,Half-Life: Opposing Force,checked,"Linux,PC (Microsoft Windows),Mac",1999-11-10,Gearbox Software,"Shooter,Platform,Puzzle","Opposing Force opens with Shephard riding on a V-22 Osprey with his squad. His squad discuss their deployment, somewhat irritated that they have not been told what they are being deployed for. However, as they are nearing their Landing Zone at Black Mesa, airborne alien creatures attack the Osprey formation, causing Shephard's Osprey to crash land. Shephard regains consciousness in a Black Mesa medical bay, tended to by the science team, learning that the Marines are being steadily beaten by the alien forces from Xen and orders have come through to pull out. Consequently, Shephard departs to reach an extraction point and escape the facility. However, Shephard is prevented from reaching the extraction point by the enigmatic G-Man, forcing the evacuation craft to leave without him. 
 
Other Marines who have also been left behind team up with Shephard and attempt to reach another extraction point near Black Mesa's Lambda Complex, but en route they come under attack from black operations units seeking to thoroughly contain the situation and eliminate all survivors. Shephard makes it to the Lambda Complex alive, and briefly sees Gordon Freeman as the latter teleports to Xen in the final stages of Half-Life. To escape the teleportation chamber, Shephard is forced to enter a separate portal, briefly taking him to Xen before depositing him in an entirely different area of the facility. The facility is now heavily damaged, and it soon becomes clear that a new alien race, Race X, has exploited the situation to mount a localized invasion, attacking both human and Xen forces in Black Mesa indiscriminately. Fighting between the black operations units and Race X quickly intensifies. 
 
Shephard soon encounters more stranded Marine units in the wreckage of the base, and tries to break through the black operations units to reach an escape point past the facility's storage unit, but meets heavy resistance from both Race X and the black operations units. A surviving Black Mesa security guard reveals to Shephard that the black operators intend to detonate a tactical nuclear weapon in the base, thereby totally sealing it off and killing everything in it. After successfully neutralizing the guarding black operations unit, Shephard disarms the device and proceeds to the nearby storage areas, intent on escape. However, the G-Man rearms the device as Shephard departs. The storage unit has become a thick battleground between Race X and the black operation units, and although Shephard manages to evade them, he is informed by another security guard that something very large is coming through an alien portal blocking the exit path. 
 
At the portal, Shephard discovers a gene worm, a massive creature facilitating the Race X invasion. Shephard is able to kill the creature, but just afterwards he is teleported onto an Osprey by the G-Man. As the G-Man congratulates Shephard on his accomplishments, the nuclear device detonates in the background, destroying Black Mesa. The game closes with the G-Man detaining Shephard someplace where he can tell no one of what he has seen and cannot be harmed, pending further evaluation.",https://images.igdb.com/igdb/image/upload/t_1080p/co1qre.jpg,https://en.wikipedia.org/wiki/Half-Life:_Opposing_Force,"Half-Life,Counter-Strike,Half-Life 2: Episode Two,Half-Life 2: Episode One,Quake 4,F.E.A.R.,Rogue Warrior,Singularity,Wolfenstein: The New Order,DOOM"
52,Deus Ex,checked,"PC (Microsoft Windows),PlayStation 2,Mac,PlayStation Network",2000-06-26,Westlake Interactive,"Shooter,Role-playing (RPG)",,https://images.igdb.com/igdb/image/upload/t_1080p/co1r7n.jpg,https://en.wikipedia.org/wiki/Deus_Ex_(video_game),"Fallout: New Vegas,Deus Ex: Human Revolution,Dishonored,Wolfenstein: The New Order,Murdered: Soul Suspect,MaxPlay Classic Games Volume 1,Deus Ex: Mankind Divided,SOMA,The Cat Lady,Prey"
53,Command & Conquer: Red Alert 2,checked,PC (Microsoft Windows),2000-10-23,Westwood Pacific,"Real Time Strategy (RTS),Strategy",,https://images.igdb.com/igdb/image/upload/t_1080p/jryjuanclzzncnlzek08.jpg,https://en.wikipedia.org/wiki/Command_%26_Conquer%3A_Red_Alert_2,"StarCraft,Supreme Commander,Command & Conquer: Red Alert,Command & Conquer 3: Tiberium Wars,Command & Conquer: Tiberian Sun,Command & Conquer: Generals,Rise of Nations,Supreme Commander: Forged Alliance,Command & Conquer: Red Alert 3,Original War"
54,Crazy Taxi,checked,"PC (Microsoft Windows),PlayStation 2,PlayStation 3,Xbox 360,Nintendo GameCube,Dreamcast,Android,iOS,Arcade",1999-12-31,Sega,Racing,,https://images.igdb.com/igdb/image/upload/t_1080p/co1nso.jpg,https://en.wikipedia.org/wiki/Crazy_Taxi_(video_game),"Need for Speed: Underground,Need for Speed: Underground 2,Need for Speed: Most Wanted,Need for Speed: Carbon,Need for Speed: Undercover,Need for Speed: Hot Pursuit,Burnout Paradise,Human: Fall Flat,Watch Dogs 2,Use Your Words"
55,Grand Theft Auto III,checked,"PC (Microsoft Windows),PlayStation 2,Xbox,Mac,Android,iOS,PlayStation 4",2001-10-22,DMA Design,"Shooter,Racing,Simulator,Adventure","You've been betrayed and left for dead. Now you're taking revenge, unless the city gets you first. Mob bosses need a favor, crooked cops need help and street gangs want you dead. You'll have to rob, steal and kill just to stay out of serious trouble. Anything can happen out here.",https://images.igdb.com/igdb/image/upload/t_1080p/co1nxv.jpg,https://en.wikipedia.org/wiki/Grand_Theft_Auto_III,"Mafia,Grand Theft Auto IV,Grand Theft Auto: San Andreas,Grand Theft Auto: Vice City,Grand Theft Auto 2,Grand Theft Auto,Grand Theft Auto V,Watch_Dogs,Grand Theft Auto: Vice City Stories,Watch Dogs 2"
56,Pro Evolution Soccer,checked,"PlayStation,PlayStation 2",2001-03-15,Konami Computer Entertainment Tokyo,Sport,,https://images.igdb.com/igdb/image/upload/t_1080p/xervzpvyg18bslkj81ab.jpg,https://en.wikipedia.org/wiki/Pro_Evolution_Soccer_(video_game),"FIFA 2001,Pro Evolution Soccer 2,Pro Evolution Soccer 4,Pro Evolution Soccer 5,FIFA Street 2,Sensible World of Soccer,Score! Hero,ISS Pro Evolution,Front Office Football Eight,FIFA 20"
57,Half-Life: Blue Shift,checked,"Linux,PC (Microsoft Windows),Mac",2001-06-12,Gearbox Software,"Shooter,Platform,Puzzle","Blue Shift begins in a similar manner to Half-Life, as Barney Calhoun rides a train through the Black Mesa facility to reach his place of work. After reporting for duty, Calhoun is instructed to assist in maintenance on a malfunctioning elevator. As Calhoun finishes repairs, however, Freeman's experiment takes place and results in a ""resonance cascade"", causing massive damage to the facility and teleporting alien creatures into the base. The elevator is badly damaged and fails, sending Calhoun plummeting into the depths of Black Mesa. 
Calhoun regains consciousness at the bottom of the shaft and begins to fight his way to the surface to escape. Emerging near Black Mesa's classification yards, Calhoun learns that Dr. Rosenberg and his colleagues plan to escape the facility using teleportation technology. After freeing Rosenberg from the captivity of the US Marines detachment sent to silence the facility, Calhoun escorts him to a decommissioned prototype teleportation laboratory, where several Black Mesa employees have already gathered. Rosenberg then teleports Calhoun to the Xen border world to calibrate research equipment needed to pinpoint a teleport destination outside of Black Mesa. Upon his return, Rosenberg informs Calhoun that the teleporter's battery power has been exhausted, and contact has been lost with a team sent to acquire a new power cell. 
Calhoun travels to the power generators on a lower level to find a fresh power cell while firefights rage between the Marines and the forces of Xen. After returning with a new power cell, Calhoun assists Rosenberg in evacuating the few surviving personnel through the teleporter. Calhoun is the last to enter the portal and as he does so, Marines breach the laboratory and fire on him, causing the teleporter to explode. As a result of the teleporter's destruction, Calhoun enters a ""harmonic reflux"", causing him to be rapidly teleported to a variety of locations in Xen and Black Mesa. At one location, he witnesses Freeman's capture by Marines mid-way through Half-Life, before eventually stabilizing at the intended teleport location with Rosenberg at the outskirts of Black Mesa, where they then escape the facility in a company SUV.",https://images.igdb.com/igdb/image/upload/t_1080p/co1qrd.jpg,https://en.wikipedia.org/wiki/Half-Life:_Blue_Shift,"Portal,Half-Life,Half-Life 2,Counter-Strike,Half-Life 2: Episode Two,Half-Life 2: Episode One,Quake 4,Singularity,Syndicate,Wolfenstein: The New Order"
58,Tom Clancy's Splinter Cell,checked,"PC (Microsoft Windows),PlayStation 2,PlayStation 3,Xbox,Mac,Nintendo GameCube",2002-11-12,Ubisoft Montreal,Tactical,"In April 2004, the President of Georgia is assassinated, allowing Georgian billionaire Kombayn Nikoladze to seize power with a bloodless coup d'état. In August 2004, former U.S. Navy SEAL officer and Gulf War veteran Sam Fisher is recruited by the National Security Agency to work within its newly formed division, ""Third Echelon."" Working with his old friend Irving Lambert, Fisher is introduced to technical expert Anna ""Grim"" Grimsdóttír, and field runner Vernon Wilkes Jr. 
 
In October 2004, Fisher is dispatched to Tbilisi, Georgia to investigate the disappearance of two CIA officers. Fisher attempts to meet an informant, Thomas Gurgenidze, only to find him dying in a burning building. Gurgenidze warns that one agent's transmission mentioned proof that could cause a war. Finding the agents' corpses in a police morgue, Fisher learns that a former Spetsnaz agent, Vyacheslav Grinko, removed their subdermal tracking implants. Tracking Grinko's license plate number using CCTV, Third Echelon tracks him to the Georgian Ministry of Defense. 
 
Fisher arrives at the Ministry, and records a meeting between Grinko and Canadian hacker Phillip Masse, through which he learns that Nikoladze is conducting an illegal operation in Azerbaijan. Fisher hacks Nikoladze's computer, and learns Nikoladze has been waging an ethnic cleansing campaign across Azerbaijan, by deploying Georgian commandos. In retaliation, NATO forces enter Azerbaijan, prompting Nikoladze to go underground. 
 
Third Echelon learns that Georgian soldiers stationed on a Caspian oil rig have been exchanging data with the Georgian Presidential Palace. Fisher infiltrates the rig during the middle of a NATO airstrike to apprehend a local technician, Lejava, and retrieve his laptop containing the rig's computer data. After interrogating the technician, Fisher learns that the data contains a file on ""The Ark"", Fisher recovers his laptop and encryption key and extracts. 
 
Examining Lejava's laptop, Grim reveals that the intel could have come from a CIA mole. Lambert then reveals that North America has just been hit by a massive cyber warfare attack, directed primarily against military targets. In a broadcast, Nikoladze claims responsibility for the attack and officially declares war on the United States and its allies. Fisher infiltrates the CIA headquarters and accesses the CIA computer mainframe, allowing Grim to trace the data leak to the computer of Mitchell Dougherty. Captured for interrogation, Dougherty claims ignorance of the leak, but the NSA learns that his obsessive–compulsive disorder caused him to back up data on an insecure laptop, which was exploited by a network owned by Kalinatek, Inc. 
 
Georgia-hired mafiosos attempt to remove all traces of Nikoladze from the Kalinatek offices by destroying the building and murdering the staff. Intercepting a 911 call from a technician named Ivan, Fisher is deployed to the building and retrieves Ivan's encryption key while the FBI rescues Ivan. Fisher extracts with the help of Wilkes, who is mortally wounded in the process and later dies. Using the encryption key, the NSA discovers Nikoladze has been using a network of unconventional relays to communicate with Georgian military cells. The NSA traces the full relay network to the Chinese Embassy in Yangon, Myanmar. Worried Chinese support could cause World War III, Fisher sneaks into the embassy and eavesdrops on a conversation between Nikoladze and General Kong Feirong, and learns they are working together. 
 
Fisher learns that captured U.S. Army soldiers and high-ranking Chinese officials are in a local slaughterhouse, so he delays interrogating Feirong to save the hostages, who are scheduled to be executed on a live broadcast. Fisher meets with a Chinese official among the hostages, and learns that Feirong is part of a rogue collective not backed by the Chinese government. Fisher is detected, and in a firefight, Fisher kills Grinko. Returning to the embassy, Fisher grabs a drunken Feirong before he can commit suicide, and forces him to share the information stored on his computer; the information reveals Nikoladze has fled back to Georgia, where he is trying to activate a suitcase nuke known as ""The Ark"". 
 
Infiltrating the Georgian Presidential Palace containing Nikoladze and new de facto Georgian president Varlam Cristavi, Fisher attempts to recover the key to the Ark, which has been placed somewhere in the United States. Fisher corners Nikoladze, who bargains to give the Ark key in exchange for safe passage out of Georgia; before Fisher can recover it, Cristavi soldiers take Nikoladze and the Ark key elsewhere. About to be executed, Fisher escapes when Lambert causes a brief blackout. Discovering Nikoladze is offering the Ark's location for protection, Fisher assassinates Nikoladze. Discovering the Ark, the U.S. Army evacuates an apartment complex in Hope Gate, Maryland on claims of a gas leak, and secretly recovers the Ark. 
 
Despite World War III being averted, Nikoladze's corpse sparks international backlash due to the suspicious circumstances around his death. Watching the Presidential broadcast on the crisis, Fisher then receives a secure phone call from Lambert for another assignment. 
 
[from Wikipedia.org]",https://images.igdb.com/igdb/image/upload/t_1080p/co1os5.jpg,https://en.wikipedia.org/wiki/Tom_Clancy%27s_Splinter_Cell_(video_game),"Deus Ex,Rogue Warrior,Tom Clancy's Splinter Cell: Pandora Tomorrow,Tom Clancy's Splinter Cell: Chaos Theory,Watch_Dogs,Metal Gear Solid V: The Phantom Pain,Enemy Front,Tom Clancy's Splinter Cell: Double Agent,Death to Spies: Moment of Truth,Watch Dogs 2"
59,Hitman 2: Silent Assassin,checked,"PC (Microsoft Windows),PlayStation 2,Xbox,Nintendo GameCube",2002-09-30,IO Interactive,"Shooter,Tactical","Once again, you enter the realm of an accomplished assassin – retired but forced back into action by treason. Trying to distance himself from his violent past he finds himself in a situation where he’s forced to take up his old trade. Learning about his legendary skills, a Russian crime boss trading illegal arms wants his services, but also has a different agenda. 
 
You soon realize that you’re caught in the middle of a ring of deception and discover that you have become a target yourself – of a highly trained ex Spetsnaz assassin. 
 
Use stealth, tactics and survival instincts to complete your missions. Plan your hits carefully and think to survive. Explore a universe, minutely recreated in fantasy, but based on facts – not fiction. Visit the dark recesses of a world corrupted by crime, greed, degradation and dishonor.",https://images.igdb.com/igdb/image/upload/t_1080p/co1pdt.jpg,https://en.wikipedia.org/wiki/Hitman_2:_Silent_Assassin,"Deus Ex,Counter-Strike,Metro 2033,Rogue Warrior,Max Payne 3,Hitman: Blood Money,Enemy Front,Inversion,Death to Spies: Moment of Truth,Watch Dogs 2"
60,Star Wars: Jedi Knight II - Jedi Outcast,checked,"PC (Microsoft Windows),Xbox,Mac,Nintendo GameCube,Nintendo Switch",2002-03-26,Vicarious Visions,"Shooter,Adventure",,https://images.igdb.com/igdb/image/upload/t_1080p/ra8d94uswa9enkvdszja.jpg,https://en.wikipedia.org/wiki/Star_Wars_Jedi_Knight_II:_Jedi_Outcast,"Star Wars: Knights of the Old Republic,Star Wars: Knights of the Old Republic II - The Sith Lords,Star Wars: Battlefront,Star Wars: Republic Commando,Star Wars: Jedi Knight - Dark Forces II,Star Wars: Jedi Knight - Jedi Academy,Quake 4,Rogue Warrior,LEGO Star Wars: The Video Game,Star Wars Battlefront II"
61,Star Wars: Knights of the Old Republic,checked,"PC (Microsoft Windows),Xbox,Mac,Android,iOS",2003-07-15,BioWare,"Role-playing (RPG),Adventure","It is four thousand years before the Galactic Empire and hundreds of Jedi Knights have fallen in battle against the ruthless Sith. You are the last hope of the Jedi Order. Can you master the awesome power of the Force on your quest to save the Republic? Or will you fall to the lure of the dark side? Hero or villain, savior or conqueror... you alone will determine the destiny of the entire galaxy! 
 
Former Jedi Darth Malak, a Dark Lord of the Sith and Darth Revan's former apprentice, has unleashed a Sith armada against the Republic. Malak's aggression has left the Jedi scattered and vulnerable; many Jedi Knights have fallen in battle and others have sworn allegiance to Malak. 
 
The game opens with the player's character—the player can choose a face and be male or female (canonically a male)—awakening aboard the Republic ship, Endar Spire, which is under attack by Malak's forces. The player's character gradually gathers companions and pieces together their past while attempting to stop Malak. 
 
The game is a part of the Star Wars Legends Universe.",https://images.igdb.com/igdb/image/upload/t_1080p/kkcihbhdvjta2nnffn1w.jpg,https://en.wikipedia.org/wiki/Star_Wars:_Knights_of_the_Old_Republic,"Baldur's Gate II: Shadows of Amn,Deus Ex,Mass Effect 2,Star Wars: Knights of the Old Republic II - The Sith Lords,Planescape: Torment,Pillars of Eternity,Wolfenstein: The New Order,Persona 5,Rogue Galaxy,Star Wars Battlefront II"
62,Star Wars: Jedi Knight - Jedi Academy,checked,"PC (Microsoft Windows),Xbox,Mac,PlayStation 4,Nintendo Switch",2003-09-16,Vicarious Visions,"Shooter,Adventure",,https://images.igdb.com/igdb/image/upload/t_1080p/mv6ksjqhfttxgtzq94bt.jpg,https://en.wikipedia.org/wiki/Star_Wars_Jedi_Knight:_Jedi_Academy,"Deus Ex,Star Wars: Knights of the Old Republic,Star Wars: Knights of the Old Republic II - The Sith Lords,Star Wars: Battlefront,Star Wars: Jedi Knight - Dark Forces II,Star Wars: Jedi Knight II - Jedi Outcast,Quake 4,Rogue Warrior,LEGO Star Wars: The Complete Saga,Star Wars Battlefront II"
63,Grand Theft Auto: San Andreas,checked,"PC (Microsoft Windows),PlayStation 2,PlayStation 3,Xbox,Xbox 360,Mac,Android,Xbox Live Arcade,iOS,PlayStation 4",2004-10-26,Rockstar North,"Shooter,Racing,Sport,Adventure","Five years ago, Carl Johnson escaped from the pressures of life in Los Santos, San Andreas, a city tearing itself apart with gang trouble, drugs and corruption. Where filmstars and millionaires do their best to avoid the dealers and gangbangers. 
Now, it’s the early 90’s. Carl’s got to go home. His mother has been murdered, his family has fallen apart and his childhood friends are all heading towards disaster. 
 
On his return to the neighborhood, a couple of corrupt cops frame him for homicide. CJ is forced on a journey that takes him across the entire state of San Andreas, to save his family and to take control of the streets.",https://images.igdb.com/igdb/image/upload/t_1080p/co1nxr.jpg,https://en.wikipedia.org/wiki/Grand_Theft_Auto%3A_San_Andreas,"Rogue Warrior,Grand Theft Auto III,Grand Theft Auto IV,Grand Theft Auto: Vice City,Grand Theft Auto V,Watch_Dogs,Grand Theft Auto: Vice City Stories,Grand Theft Auto: Liberty City Stories,Grand Theft Auto: Chinatown Wars,Watch Dogs 2"
64,Half-Life 2,checked,"Linux,PC (Microsoft Windows),PlayStation 3,Xbox,Xbox 360,Mac,Android",2004-11-16,Valve Corporation,Shooter,"Gordon Freeman is brought out of stasis by the G-Man, who inserts him into a train arriving at City 17. After arriving at the station and eluding Combine forces, Gordon joins Lambda resistance members including Barney Calhoun, a former Black Mesa security guard now working undercover as a Combine CP officer, and Alyx Vance, the daughter of one of Gordon's former colleagues, Dr. Eli Vance. After a failed attempt to teleport Gordon to Black Mesa East from Dr. Kleiner's makeshift laboratory, Gordon, re-equipped with the HEV suit and a crowbar, is forced to embark on foot through the city's old canal system. After obtaining an airboat, he battles his way to Black Mesa East, several miles from the city. 
Gordon is reintroduced to Eli and meets Dr. Judith Mossman. Alyx introduces Gordon to her large pet robot D0g and gives him a ""Gravity Gun"", a weapon which allows Gordon to pick up and move any large object with ease. Black Mesa East soon comes under Combine attack and Eli and Mossman are captured to be taken to a Combine prison, Nova Prospekt. Gordon and Alyx are forced to take separate paths to Nova Prospekt; Gordon takes a detour through the town of Ravenholm, receiving help from its last survivor, Father Grigori. After making his way through the town and a mine, Gordon makes his way to a Resistance outpost. Gordon is provided with a Dune Buggy, which he uses to travel along a crumbling coastal road to Nova Prospekt. Along the way, Gordon encounters frequent Combine patrols, and helps one of the resistance leaders, Colonel Odessa Cubbage, to defend a Resistance base from a Combine gunship. 
After crossing an antlion-infested beach, Gordon enters Nova Prospekt, where he is reunited with Alyx. They manage to locate Eli, but also discover that Mossman is a Combine informant. Before they can stop her, she teleports herself and Eli back to City 17's Citadel. The Combine teleporter explodes as Gordon and Alyx use it to escape Nova Prospekt. 
Upon reaching Kleiner's lab, a shaken Dr. Kleiner reveals to Gordon and Alyx that they were caught in a ""slow teleport"", during which a week had passed. In their absence, the Resistance, who heard about what had happened at Nova Prospekt, has mobilized against the Combine, turning City 17 into a battleground. During the fighting, Alyx is captured by the Combine and taken to the Citadel, and Gordon fights through the city with the aid of D0g and Barney to reach it. Inside the Citadel, he is caught in a Combine confiscation chamber that destroys all of his weapons except for the Gravity Gun, the energy enhancing its capabilities and allowing Gordon to escape and dispatch platoons of Combine soldiers. 
Eventually, Gordon is captured riding in a Combine transport pod and is taken to Dr. Breen's office, where he and Dr. Mossman are waiting with Eli and Alyx in captivity. Dr. Breen begins to explain his plans for further conquest of the humans by the Combine, contrary to what he had told Dr. Mossman. Angered, Mossman frees Gordon, Alyx, and Eli before Breen teleports them off-world. Dr. Breen tries to escape through a portal, but Gordon pursues him and destroys the portal reactor with the super-charged Gravity Gun. Breen appears to be annihilated in the resulting explosion. Just before Gordon and Alyx are presumably met with a similar fate, time is frozen. The G-Man reappears, praising Gordon for his actions in City 17 and the Citadel. Making vague mention of ""offers for [Gordon's] services"", the G-Man places him back into stasis.",https://images.igdb.com/igdb/image/upload/t_1080p/co1nmw.jpg,https://en.wikipedia.org/wiki/Half-Life_2,"Half-Life,Half-Life 2: Episode Two,Half-Life 2: Episode One,Crysis 2,Singularity,Doom,Borderlands 2,Black Mesa,Get Even,Escape From Tarkov"
65,Star Wars: Knights of the Old Republic II - The Sith Lords,checked,"Linux,PC (Microsoft Windows),Xbox,Mac,iOS",2004-12-06,Obsidian Entertainment,"Role-playing (RPG),Strategy,Adventure","It is a perilous time for the galaxy. A brutal civil war has all but destroyed the Jedi Order, leaving the ailing Republic on the verge of collapse. 
 
Five years after the events of Star Wars Knights of the Old Republic, in a time when the Jedi have been brought to the edge of extinction, a former Jedi Knight exiled from the Jedi Order embarks on a tribulous journey to restore their connection to the Force. You must make the choices that turn The Exile to either the light side or the dark side of the Force, and travel to six planets picking up additions to your party along the way, to either help or hinder the Republic's efforts to bring peace and stability to the galaxy.",https://images.igdb.com/igdb/image/upload/t_1080p/ijautdkdisocs3mgs8rx.jpg,https://en.wikipedia.org/wiki/Star_Wars_Knights_of_the_Old_Republic_II:_The_Sith_Lords,"Baldur's Gate II: Shadows of Amn,Deus Ex,Mass Effect 2,Star Wars: Knights of the Old Republic,Final Fantasy IX,Final Fantasy VIII,Wolfenstein: The New Order,Persona 5,Rogue Galaxy,Star Wars Battlefront II"
66,Star Wars: Battlefront,checked,"PC (Microsoft Windows),PlayStation 2,Xbox,Mac",2004-09-20,Pandemic Studios,Shooter,,https://images.igdb.com/igdb/image/upload/t_1080p/zf0aar4ntmcd0yj09ash.jpg,https://en.wikipedia.org/wiki/Star_Wars:_Battlefront_(2004_video_game),"Star Wars: Republic Commando,Star Wars: Jedi Knight - Jedi Academy,Battlefield 1942,Counter-Strike,Battlefield 2,Battlefield 2142,Quake 4,LEGO Star Wars: The Complete Saga,Global Operations,Star Wars Battlefront II"
67,Star Wars: Battlefront II,checked,"PC (Microsoft Windows),PlayStation 2,Xbox,PlayStation Portable",2005-10-31,Savage Entertainment,"Shooter,Adventure","In Campaign Mode, the player follows the campaigns of the 501st Legion as told through the Journal of the 501st. As players progress through the game, they play as a clone trooper during the reign of the Republic and as a stormtrooper during the reign of the Empire. 
The action brings players to multiple planets through a story arc that stretches from the dawn of the Clone Wars to the formation of the Empire and later, bridging the gap between Episodes III and IV. 
Unlike the first Battlefront, Battlefront II's campaign gives players certain objectives with a given number of reinforcements with the enemy's reinforcements unlimited and an occasional time limit rather than playing an ordinary conquest match. The game also gives the option to skip space missions.",https://images.igdb.com/igdb/image/upload/t_1080p/co1nsg.jpg,https://en.wikipedia.org/wiki/Star_Wars:_Battlefront_II,"Marvel's Avengers,Immortal: Unchained,Earth Defense Force: Iron Rain,Left Alive,Anthem: Legion of Dawn Edition,Gears 5,Control,Remnant: From the Ashes,Gene Rain,Rebel Galaxy Outlaw"
68,Grand Theft Auto: Liberty City Stories,checked,"PlayStation 2,Android,PlayStation Portable,iOS",2005-10-25,Rockstar Leeds,"Racing,Adventure","Toni Cipriani, having been forced into living abroad after killing a made man on the orders of Salvatore Leone, decides to return to Liberty City. Upon arrival Toni is greeted by Salvatore and a member of the Leone family, Vincenzo ""Lucky Vinnie"" Cilli, who rose to prominence during Toni's absence. Vincenzo is instructed by Salvatore to set Toni up with an apartment and job in Liberty City. Not long after, Toni quits upon the realization that Vincenzo had set up a job designed to ensure Toni would be caught by the police. Toni then begins working with a former member of the rival Sindacco crime family now loyal to Leone, J.D. O'Toole, but this is short-lived as another member of the Leone crime family is ordered to kill O'Toole on the same day he was intended to become a made man within the family.",https://images.igdb.com/igdb/image/upload/t_1080p/gez15t7ioobtynitcqx1.jpg,https://en.wikipedia.org/wiki/Grand_Theft_Auto:_Liberty_City_Stories,"Grand Theft Auto III,Grand Theft Auto IV,Grand Theft Auto: San Andreas,Grand Theft Auto: Vice City,Grand Theft Auto,Grand Theft Auto V,Watch_Dogs,Grand Theft Auto: Vice City Stories,Grand Theft Auto: Chinatown Wars,Watch Dogs 2"
69,Grand Theft Auto: Vice City Stories,checked,"PlayStation 2,PlayStation Portable",2006-10-31,Rockstar Leeds,"Racing,Adventure","Vic Vance is a corporal in the U.S Army. He is a man who came from a poor family, with his brother suffering from fever and another lazy brother, and he is trying to make money for his dysfunctional family. He just arrived in Vice City in 1984 and he is now stationed at Fort Baxter. He arrives at the office of his supervisor, Sergeant Jerry Martinez, a corrupt officer of the Army who is a drug smuggler. He instructs Vic to manage a drug deal. Vic arrives on the buyer's yacht, but they are ambushed by unknown assailants who blow up the boat, leaving only Vic alive.",https://images.igdb.com/igdb/image/upload/t_1080p/co1ng2.jpg,https://en.wikipedia.org/wiki/Grand_Theft_Auto:_Vice_City_Stories,"Grand Theft Auto III,Grand Theft Auto IV,Grand Theft Auto: San Andreas,Grand Theft Auto: Vice City,Grand Theft Auto,Grand Theft Auto V,Watch_Dogs,Grand Theft Auto: Liberty City Stories,Grand Theft Auto: Chinatown Wars,Watch Dogs 2"
70,Hitman: Blood Money,checked,"PC (Microsoft Windows),PlayStation 2,Xbox,Xbox 360",2006-05-26,IO Interactive,Shooter,"When assassins from his contract agency, the ICA, are systematically eliminated in a series of hits, Agent 47 suspects that a larger, more powerful agency has entered the fray. 
 
As he suddenly loses contact with the ICA, Agent 47 senses that he may be the next target, so our merciless contract killer travels to America to take care of business himself…",https://images.igdb.com/igdb/image/upload/t_1080p/co25r8.jpg,https://en.wikipedia.org/wiki/Hitman:_Blood_Money,"Deus Ex,Dishonored,Max Payne 3,Grand Theft Auto V,Spec Ops: The Line,Wolfenstein: The New Order,Murdered: Soul Suspect,Deus Ex: Mankind Divided,The Cat Lady,Watch Dogs 2"
71,Half-Life 2: Episode One,checked,"Linux,PC (Microsoft Windows),PlayStation 3,Xbox 360,Mac",2006-06-01,Valve Corporation,Shooter,,https://images.igdb.com/igdb/image/upload/t_1080p/co1nqy.jpg,https://en.wikipedia.org/wiki/Half-Life_2:_Episode_One,"Deus Ex,Portal,Half-Life,Half-Life 2,Counter-Strike,Half-Life 2: Episode Two,Metro 2033,Singularity,Wolfenstein: The New Order,DOOM"
72,BioShock,checked,"PC (Microsoft Windows),PlayStation 3,Xbox 360,Mac,iOS",2007-08-21,2K Australia,"Shooter,Role-playing (RPG),Adventure","BioShock takes place in 1960 in the middle of the Atlantic Ocean, where Jack, sole survivor of a plane crash, discovers the entrance to the recluse underwater city of Rapture, at the end of a civil war which left most of this utopia in disrepair. Finding himself in an alien world, he has no choice but to fight for his survival against the Splicers, degenerated citizens addicted to the genetic material known as ADAM, and all the traps laid down by the city's visionary founder, Andrew Ryan. His only help lies in Atlas, a revolutionary man seeking to escape safely to the surface with his family.",https://images.igdb.com/igdb/image/upload/t_1080p/jrpib8t74zhaapqq2idi.jpg,https://en.wikipedia.org/wiki/BioShock,"BioShock 2,Dishonored,Bioshock Infinite,Singularity,Grand Theft Auto V,Tomb Raider,Wolfenstein: The New Order,Murdered: Soul Suspect,Deus Ex: Mankind Divided,The Cat Lady"
73,Uncharted: Drake's Fortune,checked,"PlayStation 3,PlayStation 4",2007-11-19,Naughty Dog,"Shooter,Platform,Adventure",,https://images.igdb.com/igdb/image/upload/t_1080p/co1qis.jpg,https://en.wikipedia.org/wiki/Uncharted:_Drake%27s_Fortune,"Crysis 2,Uncharted 3: Drake's Deception,Uncharted 2: Among Thieves,Uncharted 4: A Thief's End,Miscreated,Marvel's Avengers,PLANET ALPHA,Immortal: Unchained,Remnant: From the Ashes,Hob: The Definitive Edition"
74,Portal,checked,"Linux,PC (Microsoft Windows),PlayStation 3,Xbox 360,Mac,Android",2007-10-10,Valve Corporation,"Shooter,Platform,Puzzle","Portal's plot is revealed to the player via audio messages or ""announcements"" from GLaDOS and visual elements inside rooms found in later levels. According to The Final Hours of Portal 2, the year is established to be ""somewhere in 2010""—twelve years after Aperture Science has been abandoned. 
 
The game begins with Chell waking up from a stasis bed and hearing instructions and warnings from GLaDOS, an artificial intelligence, about upcoming tests. Chell enters into distinct chambers that introduce players to the game's mechanics, sequentially. GLaDOS's announcements serve as instructions to Chell and help the player progress through the game, but also develops the atmosphere and characterizes the AI as a person.[4] Chell is promised cake as her reward if she completes all test chambers.[19] 
 
Chell proceeds through the empty Enrichment Center, with GLaDOS as her only interaction. As the player nears completion, GLaDOS's motives and behavior turn more sinister; although she is designed to appear encouraging, GLaDOS's actions and speech suggest insincerity and callous disregard for the safety and well-being of the test subjects. The test chambers become increasingly dangerous as Chell proceeds, tests including a live-fire course designed for military androids, as well as some chambers flooded with a hazardous liquid. In another chamber, GLaDOS notes the importance of the Weighted Companion Cube, a waist-high crate with a single large pink heart on each face, for helping Chell to complete the test. However, GLaDOS declares it must be euthanized in an ""emergency intelligence incinerator"" before Chell can continue.[17] Some later chambers include automated turrets with childlike voices (also voiced by McLain) that fire at Chell, only to sympathize with her after being destroyed or disabled.[20][21] 
 
After Chell completes the final test chamber, GLaDOS maneuvers Chell into an incinerator in an attempt to kill her. Chell escapes with the portal gun and makes her way through the maintenance areas within the Enrichment Center.[22] GLaDOS panics and insists that she was pretending to kill Chell as part of testing. GLaDOS then asks Chell to assume the ""party escort submission position"", lying face-first on the ground, so that a ""party associate"" can take her to her reward, but Chell continues her escape. In this section, GLaDOS communes with Chell as it becomes clear the AI had killed everyone else in the center.[11][12] Chell makes her way through the maintenance areas and empty office spaces behind the chambers, sometimes following graffiti messages which point in the right direction. These backstage areas, which are in an extremely dilapidated state, stand in stark contrast to the pristine test chambers. The graffiti includes statements such as ""the cake is a lie"", and pastiches of Emily Dickinson's poem ""The Chariot"", Henry Wadsworth Longfellow's ""The Reaper and the Flowers"", and Emily Brontë's ""No Coward Soul Is Mine"", referring to and mourning the death of the Companion Cube.[4] 
 
GLaDOS attempts to dissuade Chell with threats of physical harm and misleading statements as Chell makes her way deeper into the maintenance areas. Chell reaches a large chamber where GLaDOS's hardware hangs overhead. GLaDOS continues to threaten Chell, but during the exchange, a sphere falls off of GLaDOS and Chell drops it in an incinerator. GLaDOS reveals that Chell has just destroyed the morality core or her conscience, one of the multiple ""personality cores"" that Aperture Science employees installed after the AI flooded the enrichment center with neurotoxin gas. With it removed, she can access its emitters again. A six-minute countdown starts as Chell dislodges and incinerates more of GLaDOS' personality cores, while GLaDOS discourages her both verbally, with taunts and juvenile insults, and physically by firing rockets at her. After Chell destroys the last personality core, a malfunction tears the room apart and transports everything to the surface. Chell is then seen lying outside the facility's gates amid the remains of GLaDOS. Following the announcement of Portal 2, the ending was expanded in a later update. In this retroactive continuity, Chell is dragged away from the scene by an unseen entity speaking in a robotic voice, thanking her for assuming the ""party escort submission position"".[15][23] 
 
The final scene, after a long and speedy zoom through the bowels of the facility, shows a Black Forest cake,[24] and the Weighted Companion Cube, surrounded by a mix of shelves containing dozens of apparently inactive personality cores. The cores begin to light up, before a robotic arm descends and extinguishes the candle on the cake, causing the room to blackout.[25] As the credits roll, GLaDOS delivers a concluding report: the song ""Still Alive"", which declares the experiment to be a huge success, as well as serving to indicate to the player that GLaDOS is still alive,[26] that her ""happy"" core was not disabled.",https://images.igdb.com/igdb/image/upload/t_1080p/hlsitdvwt8awh56a6nbv.jpg,https://en.wikipedia.org/wiki/Portal_(video_game),"Deus Ex: Human Revolution,Portal 2,Half-Life,Half-Life 2: Episode Two,Half-Life 2: Episode One,Singularity,Syndicate,The Talos Principle,SOMA,Portal: Still Alive"
75,Crysis,checked,"PC (Microsoft Windows),PlayStation 3,Xbox 360",2007-11-13,Crytek Frankfurt,"Shooter,Adventure","Earth, 2019. A team of US scientists makes a frightening discovery on an island in the South China Sea. All contact with the team is lost when the North Korean Government quickly seals off the area. The United States responds by dispatching an elite team of Delta Force Operators to recon the situation. As tension rises between the two nations, a massive alien ship reveals itself in the middle of the island. The ship generates an immense force sphere that freezes a vast portion of the island and drastically alters the global weather system. Now the US and North Korea must join forces to battle the alien menace. With hope rapidly fading, you must fight epic battles through tropical jungle, frozen landscapes, and finally into the heart of the alien ship itself for the ultimate Zero G showdown.",https://images.igdb.com/igdb/image/upload/t_1080p/mv1gvs7hlgfmhpbppfkx.jpg,https://en.wikipedia.org/wiki/Crysis,"Deus Ex,Crysis Warhead,F.E.A.R.,Dishonored,Singularity,Call of Duty 4: Modern Warfare,Grand Theft Auto V,Spec Ops: The Line,Wolfenstein: The New Order,Call of Duty: Ghosts"
76,Half-Life 2: Episode Two,checked,"Linux,PC (Microsoft Windows),PlayStation 3,Xbox 360,Mac",2007-10-09,Valve Corporation,"Shooter,Puzzle",,https://images.igdb.com/igdb/image/upload/t_1080p/co1nqx.jpg,https://en.wikipedia.org/wiki/Half-Life_2:_Episode_Two,"Deus Ex,Portal,Half-Life,Half-Life 2,Counter-Strike,Half-Life 2: Episode One,Quake 4,Metro 2033,Singularity,Wolfenstein: The New Order"
77,Team Fortress 2,checked,"Linux,PC (Microsoft Windows),PlayStation 3,Xbox 360,Mac",2007-10-09,Valve Corporation,Shooter,,https://images.igdb.com/igdb/image/upload/t_1080p/co1o8c.jpg,https://en.wikipedia.org/wiki/Team_Fortress_2,"Crysis 2,Halo 2,America's Army: Proving Grounds,Sniper: Ghost Warrior 3,Paladins,Escape From Tarkov,Miscreated,Borderlands 3,Black Squad,Metro Exodus"
78,Grand Theft Auto IV,checked,"PC (Microsoft Windows),PlayStation 3,Xbox 360",2008-04-29,Rockstar Toronto,"Shooter,Racing,Adventure","Grand Theft Auto IV follows the story of Niko Bellic, a veteran of an unnamed war in Eastern Europe, who is haunted by the betrayal of his 15 man army unit. Ten years later, after a smuggling run goes bad due to a betrayal from a partner, Niko leaves Eastern Europe[23] to escape the anger of his employer, Ray Bulgarin. After six months in the merchant navy (serving aboard the cargo ship the Platypus), and believing the stories of his cousin Roman, Niko comes to Liberty City to pursue the American Dream as well as searching for the traitor of his unit. After his arrival, however, Niko quickly learns that Roman's tales of riches and luxury were lies concealing struggles with gambling debts and loansharks, and that Roman lives in a dirty apartment rather than a mansion.",https://images.igdb.com/igdb/image/upload/t_1080p/co1rct.jpg,https://en.wikipedia.org/wiki/Grand_Theft_Auto_IV,"Grand Theft Auto III,Grand Theft Auto: San Andreas,Grand Theft Auto: Vice City,Grand Theft Auto 2,Grand Theft Auto,Grand Theft Auto V,Watch_Dogs,Grand Theft Auto: Vice City Stories,Grand Theft Auto: Chinatown Wars,Watch Dogs 2"
79,LittleBigPlanet,checked,"PlayStation 3,PlayStation Portable",2008-10-27,Media Molecule,Platform,,https://images.igdb.com/igdb/image/upload/t_1080p/yyjpfswrrswp8plsypjl.jpg,https://en.wikipedia.org/wiki/LittleBigPlanet_(2008_video_game),"Vagante,Unravel Two,Toby: The Secret Mine,Forgotton Anne,Minecraft: Pocket Edition,Pikuniku,Sexy Hiking,LittleBigPlanet HUB,Etherborn,Unbound: Worlds Apart"
80,Assassin's Creed II,checked,"PC (Microsoft Windows),PlayStation 3,Xbox 360,Mac,iOS,PlayStation 4",2009-11-17,Ubisoft Montreal,"Platform,Adventure","The lineage continues as this new chapter introduces Ezio, inheritor of the talents and creed of the Assassins. His family murdered by rival families, Ezio resolves to learn the ancient art of the Assassin in order to seek revenge. He will not do so alone though, allying with historical figures such as philosopher and writer Niccolò Machiavelli. You will also be able to master the art of the assassin with all new weapons and instruments created by the renowned inventor and genius of the Renaissance, Leonardo Da Vinci himself.",https://images.igdb.com/igdb/image/upload/t_1080p/co1rcf.jpg,https://en.wikipedia.org/wiki/Assassin's_Creed_II,"Assassin's Creed: Brotherhood,Assassin's Creed,The Elder Scrolls V: Skyrim,God of War III,Dishonored,Assassin's Creed III,Assassin's Creed IV: Black Flag,Wolfenstein: The New Order,Middle-earth: Shadow of Mordor,Watch Dogs 2"
81,Batman: Arkham Asylum,checked,"PC (Microsoft Windows),PlayStation 3,Xbox 360,Mac,PlayStation 4,Xbox One,Ouya",2009-08-25,Rocksteady Studios,"Hack and slash/Beat 'em up,Adventure","After the Joker assaults Gotham City Hall, he is caught by Batman and taken to Arkham Asylum, which temporarily houses many members of the Joker's gang, who were transferred after a fire at Blackgate Prison. Believing the Joker allowed himself to be captured, Batman accompanies him into the asylum. The Joker's plan is revealed as Harley Quinn takes control of the security and the Joker escapes into the facility, aided by a corrupt guard who kidnaps Commissioner Gordon. The Joker threatens to detonate bombs hidden around Gotham City if anyone tries to enter Arkham, forcing Batman to work alone. Tracking Quinn to the medical facility to rescue Gordon, Batman is exposed to the Scarecrow's fear toxin and hallucinates, seeing Gordon's death and the corpses of his parents talking to him. After fighting off Scarecrow, Batman finds and subdues Quinn before rescuing Gordon. The Joker then directs Batman to the captured Bane, who has been experimented on by asylum doctor Penelope Young. The Joker frees Bane and Batman is forced to fight him, during which Quinn escapes. Afterward, he goes to a secret Batcave installation he had hidden on the island, where Batman restocks his gadgets. 
 
There, Batman learns that the Joker returned to the asylum to gain access to Young, who has been developing Titan—a more powerful version of the Venom drug that gives Bane his strength—intending to use it to help patients survive more strenuous therapies. Young learned that the Joker had been funding her research to create an army of superhuman henchmen; her refusal to hand over the formula precipitated Joker's return to the Asylum. While searching for Young, Batman is again attacked by Scarecrow and the fear toxin, and hallucinates the night of his parents' deaths. After he recovers, Batman destroys Young's Titan formula and rescues Young from Victor Zsasz. An explosion kills Young and the Joker obtains the completed batches of Titan. 
 
At the Penitentiary, Quinn releases Poison Ivy from her cell before being imprisoned by Batman. Quinn accidentally reveals that Joker has a Titan production facility in the Arkham botanical gardens. Batman travels there and learns that Titan is created by genetically modified plants. He enlists Ivy's help to create an antidote and learns that it can only be made from spores found exclusively in Killer Croc's lair in a sewer. En route to Croc, Batman is again attacked by Scarecrow and overcomes several doses of fear toxin. Meanwhile, Joker injects Ivy with Titan, enhancing her powers. Ivy begins ravaging Arkham Island with giant mutant plants. Pursued by Batman into Croc's lair, Scarecrow is attacked by Croc and dragged underwater. Batman recovers the necessary spores and subdues Croc before returning to the Batcave, but can only synthesize one dose of the antidote before Ivy's plants breach the cave and destroy his equipment. 
 
Batman returns to the botanical gardens and defeats Ivy, halting the rampaging plants. The Joker announces that the preparations for his party are finally complete and Batman travels to the asylum's visitor center where the Joker's applauding henchmen welcome him. The Joker reveals he has recaptured Gordon and tries to shoot him with a Titan-filled dart; Batman leaps to Gordon's defense and is shot instead. Batman attempts to resist the change, and an upset Joker takes an overdose of Titan, mutating into a massive monster. In a makeshift arena on the building's roof, the Joker challenges Batman to a fight as Titan-induced monsters in front of news helicopters. Batman refuses to transform, uses the antidote on himself, and defeats the Titan-affected Joker and his henchmen, knocking his nemesis unconscious with an explosive gel-enhanced punch. In the aftermath, those affected by Titan begin to revert to normal, including the Joker—who is restrained and taken into custody as police officers retake the asylum. Batman overhears a call about a crime led by Two-Face in progress and flies back to Gotham City in the Batwing. In a post-credits scene, a crate of Titan formula is shown floating in the ocean near the asylum when a hand surfaces and grabs it.",https://images.igdb.com/igdb/image/upload/t_1080p/co1nmb.jpg,https://en.wikipedia.org/wiki/Batman%3A_Arkham_Asylum,"Assassin's Creed,Crysis 2,Batman: Arkham City,Assassin's Creed III,Batman: Arkham Origins,Middle-earth: Shadow of Mordor,The Amazing Spider-Man 2,Batman: Arkham Knight,Batman: Arkham Origins Blackgate,Marvel's Spider-Man"
82,Uncharted 2: Among Thieves,checked,"PlayStation 3,PlayStation 4",2009-06-30,Naughty Dog,"Shooter,Platform,Adventure",,https://images.igdb.com/igdb/image/upload/t_1080p/ynje7ojmdnnzhrdpz4ot.jpg,https://en.wikipedia.org/wiki/Uncharted_2:_Among_Thieves,"Uncharted: Drake's Fortune,Crysis 2,Uncharted 3: Drake's Deception,Rise of the Tomb Raider,Uncharted 4: A Thief's End,Assassin's Creed: Syndicate,Tunic,Forgotton Anne,Code Vein,Citadel: Forged With Fire"
83,Grand Theft Auto: Chinatown Wars,checked,"Nintendo DS,Android,PlayStation Portable,iOS",2009-03-17,Rockstar Leeds,"Shooter,Adventure","Huang Lee, the spoiled son of a recently murdered Triad boss, arrives by plane in Liberty City with Yu Jian, a sword that Huang's father won in a poker game and has decided to use as an heirloom, to deliver it to the new patriarch of the family, Huang's uncle Wu ""Kenny"" Lee. Shortly after landing, Huang's escorts are killed by assassins and he is shot and kidnapped. The assailants steal the sword and, thinking Huang is dead, dump his body in the water. Huang manages to survive and informs Kenny that Yu Jian has been taken. Kenny explains that he had intended to offer the sword to Hsin Jaoming, the aging Triad boss in Liberty City, as a means of securing a position as his replacement. Kenny has been dishonored and reduced in power due to the loss of Yu Jian, leaving him and Huang working to keep their businesses afloat.",https://images.igdb.com/igdb/image/upload/t_1080p/co1i37.jpg,https://en.wikipedia.org/wiki/Grand_Theft_Auto:_Chinatown_Wars,"Grand Theft Auto III,Grand Theft Auto IV,Grand Theft Auto: San Andreas,Grand Theft Auto: Vice City,Grand Theft Auto,Grand Theft Auto V,Watch_Dogs,Grand Theft Auto: Vice City Stories,Grand Theft Auto: Liberty City Stories,Watch Dogs 2"
84,Heavy Rain,checked,"PC (Microsoft Windows),PlayStation 3,PlayStation Network,PlayStation 4",2010-02-18,Quantic Dream,Adventure,"The game focuses on four different characters; Ethan Mars, a father and main protagonist; Scott Shelby, a private eye; Norman Jayden, an FBI agent and finally Madison Paige, a photojournalist. They are very different characters and do not know each other at the game's point, but are all connected in the sense that they all have interest in the game's main antagonist, the Origami Killer.",https://images.igdb.com/igdb/image/upload/t_1080p/co1m8q.jpg,https://en.wikipedia.org/wiki/Heavy_Rain,"L.A. Noire,Dishonored,Max Payne 3,Grand Theft Auto V,Beyond: Two Souls,Wolfenstein: The New Order,Murdered: Soul Suspect,Life is Strange,The Cat Lady,Watch Dogs 2"
85,BioShock 2,checked,"PC (Microsoft Windows),PlayStation 3,Xbox 360,Mac",2010-02-09,Darkside Game Studios,"Shooter,Role-playing (RPG),Adventure",,https://images.igdb.com/igdb/image/upload/t_1080p/co1klg.jpg,https://en.wikipedia.org/wiki/BioShock_2,"BioShock,Deus Ex,Dishonored,Bioshock Infinite,Grand Theft Auto V,Wolfenstein: The New Order,Murdered: Soul Suspect,Deus Ex: Mankind Divided,SOMA,Prey"
86,Assassin's Creed: Brotherhood,checked,"PC (Microsoft Windows),PlayStation 3,Xbox 360,PlayStation 4",2010-11-16,Ubisoft Montreal,Adventure,,https://images.igdb.com/igdb/image/upload/t_1080p/co1mxz.jpg,https://en.wikipedia.org/wiki/Assassin's_Creed:_Brotherhood,"Assassin's Creed II,Assassin's Creed,Far Cry 3,Assassin's Creed: Revelations,Syndicate,Assassin's Creed III,Assassin's Creed IV: Black Flag,Middle-earth: Shadow of Mordor,Assassin's Creed: Unity,Watch Dogs 2"
87,Batman: Arkham City,checked,"PC (Microsoft Windows),PlayStation 3,Xbox 360,Mac,PlayStation 4,Xbox One",2011-10-18,Rocksteady Studios,"Hack and slash/Beat 'em up,Adventure","At a press conference held by Bruce Wayne to declare his opposition to Arkham City, TYGER mercenaries arrest and imprison him in Arkham City. Hugo Strange discloses his knowledge of Wayne's dual identity as Batman before releasing him into the prison's criminal populace. While Strange prepares to commence ""Protocol 10"", Wayne obtains his equipment via airdrop from Alfred Pennyworth, allowing him to become Batman. He first saves Catwoman from being executed by Two-Face, who hopes to gain respect by murdering her. After Joker attempts to assassinate Catwoman, Batman tracks him to his hideout in the Sionis Steelmill, believing Joker may know the truth behind Protocol 10. 
 
There, Batman learns that the unstable properties of the Titan formula are mutating in Joker's blood, gradually killing him. Joker captures Batman and performs a blood transfusion on him, infecting him with the same fatal disease. Joker also reveals that Gotham hospitals have been poisoned with his infected blood. Desperate to save himself and innocent citizens, Batman seeks out Mr. Freeze, who had been developing a cure but has since been kidnapped by the Penguin. 
 
Tracking Penguin to the Cyrus Pinkney National History Institute, Batman defeats his forces, his imprisoned monster Solomon Grundy, and ultimately the Penguin himself, before liberating Mr. Freeze. Freeze tells Batman that he has already developed the cure, but its instability renders it useless. Batman deduces that the restorative properties of Ra's al Ghul's blood can complete the cure. Batman tracks one of Ra's al Ghul's assassins to his underground lair, leading Batman into a confrontation with Ra's and his daughter Talia, Batman's former lover. With Ra's al Ghul's blood, Freeze is able to develop an antidote, but it is stolen by Harley Quinn before Batman can use it. 
 
When he returns to the Joker, Batman finds him restored to health. While the two fight, Strange activates Protocol 10, which is revealed to be a scheme to wipe out the entire population of Arkham City and destroy the criminal element of Gotham. The TYGER troops begin executing inmates as Strange launches missile strikes on Arkham's denizens from his base in Wonder Tower. A missile hits the steelmill, burying Batman under rubble. Before Joker can take advantage of the situation, Talia arrives and offers him immortality in exchange for sparing Batman's life. After escaping with the help of Catwoman, Batman is convinced by Alfred to end Protocol 10 before pursuing Talia and Joker. 
 
Batman infiltrates Wonder Tower and disables Protocol 10. Ra's al Ghul is revealed to be the true mastermind behind Arkham City and mortally wounds Strange for failing to defeat Batman. With his dying breath, Strange activates ""Protocol 11"", the self-destruction of Wonder Tower. Batman and Ra's escape, but Ra's commits suicide rather than risk capture. Joker contacts Batman, threatening to kill Talia unless Batman meets him at the Monarch Theater. Once Batman arrives, Joker demands the cure but is stabbed and apparently killed by Talia while distracted. Talia admits to stealing the cure from Quinn, when she is killed by a second Joker, still stricken with the disease. The healthy Joker that Talia stabbed then reanimates into the shapeshifting Clayface, who is revealed to have been masquerading as a healthy Joker all along at the ailing villain's request. 
 
Batman incapacitates Clayface, but Joker blows up the theater floor, sending Batman plummeting into Ra's' lair below. Batman destroys Ra's' rejuvenating Lazarus Pit before the Joker can use it, and drinks a portion of the antidote. Batman debates curing his foe but is attacked by Joker before he can act, causing the antidote vial to inadvertently smash. Batman admits that in spite of everything Joker had done, he would have saved him. After Joker finally succumbs to his illness and dies, Batman carries his body out of Arkham City. As Commissioner Gordon asks what happened, Batman places Joker's body on the hood of a police car and leaves in silence.",https://images.igdb.com/igdb/image/upload/t_1080p/nemib0kgnbo6i0rmlavm.jpg,https://en.wikipedia.org/wiki/Batman:_Arkham_City,"Batman: Arkham Asylum,Darksiders,The Amazing Spider-Man,Batman: Arkham Origins,The Amazing Spider-Man 2,Spider-Man: Web of Shadows,Batman: Arkham Knight,Batman: Arkham Origins Blackgate,Marvel's Spider-Man,Batman Arkham City Lockdown"
88,Crysis 2,checked,"PC (Microsoft Windows),PlayStation 3,Xbox 360",2011-03-22,Crytek UK,"Shooter,Adventure","The world has been ravaged by a series of climatic disasters and society is on the verge of total breakdown. Now the aliens have returned, with a full invasion force bent on nothing less than the total annihilation of mankind, starting by trying to rip the heart out of Earth’s most iconic city. 
In New York, terrifying alien invaders stalk the streets and a nightmare plague strikes down the city’s myriad inhabitants with brutal epidemic speed. The city’s systems are in chaos, its streets and skyline are smashed and in flaming ruin. This is New York City like you’ve never seen it before. 
Neither paramilitary law enforcement nor the might of the US military machine can stand against the invaders, and all who choose not to flee are dead men walking. Just to survive in this maelstrom of death will require technology beyond anything any modern soldier has ever seen. 
One man will inherit that means to survive. One supersoldier, wielding the combat enhancement technology of the future with Nanosuit 2, will make the last stand to save humanity from destruction in the urban jungle that is New York City.",https://images.igdb.com/igdb/image/upload/t_1080p/co1rb3.jpg,https://en.wikipedia.org/wiki/Crysis_2,"Uncharted 3: Drake's Deception,Uncharted 2: Among Thieves,Halo 2,Crysis 3,Uncharted 4: A Thief's End,Sniper: Ghost Warrior 3,Tom Clancy's Ghost Recon: Wildlands,Metro Exodus,Immortal: Unchained,Left Alive"
89,L.A. Noire,checked,"PC (Microsoft Windows),PlayStation 3,Xbox 360",2011-05-17,Rockstar Leeds,"Shooter,Sport,Strategy,Adventure","Amid the post-war boom of Hollywood's Golden Age, Cole Phelps is an LAPD detective thrown headfirst into a city drowning in its own success. Corruption is rampant, the drug trade is exploding, and murder rates are at an all-time high. In his fight to climb the ranks and do what's right, Phelps must unravel the truth behind a string of arson attacks, racketeering conspiracies and brutal murders, battling the L.A. underworld and even members of his own department to uncover a secret that could shake the city to its rotten core.",https://images.igdb.com/igdb/image/upload/t_1080p/usohlmbhqiuzl5coafdu.jpg,https://en.wikipedia.org/wiki/L.A._Noire,"Mafia II,Max Payne 3,Grand Theft Auto V,Beyond: Two Souls,Gone Home,The Wolf Among Us,Dying Light,Murdered: Soul Suspect,The Cat Lady,Watch Dogs 2"
90,Portal 2,checked,"PC (Microsoft Windows),PlayStation 3,Xbox 360,Mac",2011-04-19,Valve Corporation,"Shooter,Platform,Puzzle,Adventure","You lost your memory, you are alone in a world full of danger, and your mission is survive using your mind. The only way to get out from this hell is.....Hi i'm GLAdOS, and welcome to the amazing world of portal 2, here i will expose you to a lot of tests, and try to k.. help Aperture Science envolve in a new era. 
Your job is advance in the levels i propose and get better and better, you will have an portal gun to help you, and remember nothing is impossible if you try, and try again and again and again.... 
The puzzles are waiting for you!",https://images.igdb.com/igdb/image/upload/t_1080p/co1oby.jpg,https://en.wikipedia.org/wiki/Portal_2,"Get Even,Ziggurat,Human: Fall Flat,Toby: The Secret Mine,Legrand Legacy,Forgotton Anne,Immortal: Unchained,Semblance,Pikuniku,Dream Alone"
91,Deus Ex: Human Revolution,checked,"PC (Microsoft Windows),PlayStation 3,Xbox 360,Mac",2011-08-23,Eidos Montréal,"Shooter,Role-playing (RPG)","When a black ops team breaks in and kills the scientists Adam Jensen was hired to protect, everything he thought he knew about his job changes...",https://images.igdb.com/igdb/image/upload/t_1080p/co1o8e.jpg,,"Deus Ex,Dishonored,Bioshock Infinite,Max Payne 3,Watch_Dogs,Wolfenstein: The New Order,Deus Ex: Mankind Divided,SOMA,Watch Dogs 2,Prey"
92,Uncharted 3: Drake's Deception,checked,"PlayStation 3,PlayStation 4",2011-10-28,Naughty Dog,"Shooter,Platform,Adventure",,https://images.igdb.com/igdb/image/upload/t_1080p/sc9bs2nsgbe9pem7bgwt.jpg,https://en.wikipedia.org/wiki/Uncharted_3:_Drake%27s_Deception,"Assassin's Creed,Uncharted: Drake's Fortune,Crysis 2,Uncharted 2: Among Thieves,Uncharted 4: A Thief's End,Tunic,Forgotton Anne,Red Dead Redemption 2,Code Vein,Citadel: Forged With Fire"
93,Assassin's Creed: Revelations,checked,"PC (Microsoft Windows),PlayStation 3,Xbox 360,PlayStation 4",2011-11-14,Ubisoft Montreal,"Turn-based strategy (TBS),Adventure",,https://images.igdb.com/igdb/image/upload/t_1080p/c2t7seedqemgcnapfs1k.jpg,https://en.wikipedia.org/wiki/Assassin's_Creed:_Revelations,"Assassin's Creed: Brotherhood,Assassin's Creed II,Assassin's Creed,Assassin's Creed III,Assassin's Creed IV: Black Flag,Kingdom Come: Deliverance,Assassin's Creed: Unity,Assassin's Creed: Rogue,Assassin's Creed: Syndicate,Life is Feudal: Your Own"
94,Star Wars: The Old Republic,checked,PC (Microsoft Windows),2011-12-20,BioWare Austin,Role-playing (RPG),"Protected by the legendary Jedi Order, the Galactic Republic stood as a bastion of peace in the galaxy for a thousand generations. Several centuries ago, the greatest threat the galaxy has ever known emerged in the form of the dark Sith Empire. After a volatile war, the Republic emerged victorious and the Sith were assumed to be extinct. Nonetheless, the Jedi have maintained a constant vigil over the ancient Sith homeworld, Korriban, to protect the galaxy from the darkness that still resides in the planet's tombs. 
 
Though a small group of survivors escaped to warn of the Imperial invasion, it was only a minor reprieve for the Republic. Korriban was one of several worlds to fall in the initial onslaught, and in the years that followed, the Republic suffered many more painful defeats. Emboldened by their numerous victories, the Empire soon moved to conquer the Core Worlds, luring the Republic fleet out of position and launching a surprise attack against the noble world of Alderaan. 
 
The courageous stand on Alderaan rallied the spirits of Republic defenders across the galaxy, but the balance of the power remained in the Empire's favor. This only fueled the surprise felt when the Imperial Dark Council extended the offer to the Republic to engage in peace negotiations. Suspecting possible treachery, Republic officials agreed to meet on Alderaan, but insisted that the Jedi Order marshal all its resources to provide comprehensive security. The Jedi complied, sending most senior members of the Order to Alderaan, and leaving only a token force in the Temple on Coruscant... 
 
After destroying the Jedi Temple and overwhelming the Republic's defenses, Imperial forces occupied Coruscant, holding the planet hostage while negotiations restarted on Alderaan. With their capital at stake, Republic officials had little choice but to agree to the Empire's terms. 
 
The Treaty of Coruscant was signed, forcing the Republic to cede control of several star systems and to acknowledge new boundaries of Imperial dominion. Though the treaty brought about an official end to the war, tensions between the two sides have remained high over the last several years, and now, a return to open war seems all but inevitable...",https://images.igdb.com/igdb/image/upload/t_1080p/co1il2.jpg,https://en.wikipedia.org/wiki/Star_Wars:_The_Old_Republic,"Cyberpunk 2077,Might & Magic Heroes VII,Aura Kingdom,Albion Online,Princess Connect!,Echo of Soul,Citadel: Forged With Fire,Immortal: Unchained,Rune Factory 4 Special,Pokémon Shield"
95,FTL: Faster Than Light,checked,"Linux,PC (Microsoft Windows),Mac,iOS",2012-09-14,Subset Games,"Simulator,Strategy,Indie",,https://images.igdb.com/igdb/image/upload/t_1080p/hu3vbtczuus3yfetdnqs.jpg,,"Pillars of Eternity,No Man's Sky,RimWorld,Aarklash: Legacy,Galactic Civilizations III,Ziggurat,Planetbase,Hollow Knight,Unclaimed World,Sol 0: Mars Colonization"
96,Assassin's Creed III,checked,"PC (Microsoft Windows),PlayStation 3,Xbox 360,Wii U",2012-10-30,Ubisoft Montreal,"Strategy,Adventure",,https://images.igdb.com/igdb/image/upload/t_1080p/co1jp1.jpg,https://en.wikipedia.org/wiki/Assassin's_Creed_III,"Assassin's Creed: Brotherhood,Assassin's Creed II,Assassin's Creed,Crysis 2,Assassin's Creed: Revelations,Cyberpunk 2077,Assassin's Creed IV: Black Flag,Assassin's Creed: Unity,Assassin's Creed: Rogue,Assassin's Creed: Syndicate"
97,XCOM: Enemy Unknown,checked,"Linux,PC (Microsoft Windows),PlayStation 3,Xbox 360,Mac",2012-10-09,Firaxis Games,"Role-playing (RPG),Strategy,Turn-based strategy (TBS),Tactical",,https://images.igdb.com/igdb/image/upload/t_1080p/co29i2.jpg,,"Dishonored,Bioshock Infinite,Spec Ops: The Line,Wolfenstein: The New Order,Murdered: Soul Suspect,Deus Ex: Mankind Divided,SOMA,XCOM 2,The Cat Lady,Watch Dogs 2"
98,Hitman: Absolution,checked,"PC (Microsoft Windows),PlayStation 3,Xbox 360",2012-11-20,IO Interactive,"Shooter,Tactical","Hitman Absolution follows Agent 47, a cold blooded assassin, who takes on his most dangerous contract to date. Betrayed by those he trusted and hunted by the police, he finds himself at the centre of a dark conspiracy and must embark on a personal journey through a corrupt and twisted world, in his search for the truth.",https://images.igdb.com/igdb/image/upload/t_1080p/v0xig67vf3bt2f39pwhe.jpg,https://en.wikipedia.org/wiki/Hitman:_Absolution,"Assassin's Creed,Crysis 2,Batman: Arkham Asylum,Grand Theft Auto: San Andreas,Assassin's Creed III,Sleeping Dogs,Hotline Miami,HITMAN,Tom Clancy's Ghost Recon: Wildlands,Yandere Simulator"
99,Grand Theft Auto V,checked,"PC (Microsoft Windows),PlayStation 3,Xbox 360,PlayStation 4,Xbox One",2013-09-17,Rockstar North,"Shooter,Racing,Sport,Adventure","Los Santos: a sprawling sun-soaked metropolis full of self-help gurus, starlets and fading celebrities, once the envy of the Western world, now struggling to stay afloat in an era of economic uncertainty and cheap reality TV. 
 
Amidst the turmoil, three very different criminals plot their own chances of survival and success: Franklin, a street hustler looking for real opportunities and serious money; Michael, a professional ex-con whose retirement is a lot less rosy than he hoped it would be; and Trevor, a violent maniac driven by the chance of a cheap high and the next big score. Running out of options, the crew risks everything in a series of daring",https://images.igdb.com/igdb/image/upload/t_1080p/co1nt4.jpg,https://en.wikipedia.org/wiki/Grand_Theft_Auto_V,"Mafia II,L.A. Noire,Grand Theft Auto: San Andreas,Grand Theft Auto: Vice City,Max Payne 3,Watch_Dogs,Spec Ops: The Line,Murdered: Soul Suspect,Grand Theft Auto: Vice City Stories,Watch Dogs 2"
100,Crysis 3,checked,"PC (Microsoft Windows),PlayStation 3,Xbox 360",2013-02-19,Crytek UK,"Shooter,Adventure","Return to the fight as Prophet, the Nanosuit soldier on a quest to rediscover his humanity. Adapt on the fly with the stealth and armor abilities of your unique Nanosuit as you battle through the seven wonders of New York’s Liberty Dome. Unleash the firepower of your all-new, Predator bow and alien weaponry to hunt both human and alien enemies.",https://images.igdb.com/igdb/image/upload/t_1080p/co1npl.jpg,https://en.wikipedia.org/wiki/Crysis_3,"Crysis 2,Rogue Warrior,Syndicate,Wolfenstein: The New Order,Dying Light,Enemy Front,Far Cry 4,Sniper: Ghost Warrior 3,Call of Duty: Infinite Warfare,Watch Dogs 2"
101,The Witcher 3: Wild Hunt,checked,"PC (Microsoft Windows),PlayStation 4,Xbox One",2015-05-19,CD Projekt RED,"Role-playing (RPG),Adventure","The Witcher 3: Wild Hunt concludes the story of the witcher Geralt of Rivia, the series' protagonist, whose story to date has been covered in the previous installments. Geralt's new mission comes in dark times as the mysterious and otherworldly army known as the Wild Hunt invades the Northern Kingdoms, leaving only blood soaked earth and fiery ruin in its wake; and it seems the Witcher is the key to stopping their cataclysmic rampage.",https://images.igdb.com/igdb/image/upload/t_1080p/tri1c6vbydeosoqajwt1.jpg,https://en.wikipedia.org/wiki/The_Witcher_3:_Wild_Hunt,"The Witcher,Minecraft,The Elder Scrolls V: Skyrim,Dishonored,Brothers: A Tale of Two Sons,Pillars of Eternity,Dragon Age: Inquisition,Middle-earth: Shadow of Mordor,Aarklash: Legacy,The Cat Lady"
102,Batman: Arkham Knight,checked,"PC (Microsoft Windows),PlayStation 4,Xbox One",2015-06-23,Rocksteady Studios,"Hack and slash/Beat 'em up,Adventure","In the explosive finale to the Arkham series, Batman faces the ultimate threat against the city he is sworn to protect. The Scarecrow returns to unite an impressive roster of supervillains, including Penguin, Two-Face, Harley Quinn, Firefly, Poison Ivy, and Riddler to destroy The Dark Knight forever. The most intriguing member of this alliance, however, is the deadly and enigmatic Arkham Knight.",https://images.igdb.com/igdb/image/upload/t_1080p/co1nh1.jpg,https://en.wikipedia.org/wiki/Batman:_Arkham_Knight,"Batman: Arkham Asylum,Batman: Arkham City,Batman: Arkham Origins,Middle-earth: Shadow of Mordor,The Amazing Spider-Man 2,Spider-Man: Web of Shadows,Rise of the Tomb Raider,Uncharted 4: A Thief's End,Batman: Arkham Origins Blackgate,Watch Dogs 2"
103,No Man's Sky,checked,"PC (Microsoft Windows),PlayStation 4,Xbox One,PlayStation VR",2016-08-09,Hello Games,"Shooter,Role-playing (RPG),Simulator,Adventure,Indie",,https://images.igdb.com/igdb/image/upload/t_1080p/co1k01.jpg,https://en.wikipedia.org/wiki/No_Man%27s_Sky,"Starbound,Get Even,Life is Feudal: Your Own,Starmade,Rising World,Ziggurat,Miscreated,Empyrion - Galactic Survival,Force of Nature,Children of Morta"
104,Uncharted 4: A Thief's End,checked,PlayStation 4,2016-05-10,Naughty Dog,"Shooter,Adventure",,https://images.igdb.com/igdb/image/upload/t_1080p/co1r7h.jpg,https://en.wikipedia.org/wiki/Uncharted_4:_A_Thief%27s_End,"Uncharted: Drake's Fortune,Crysis 2,Uncharted 3: Drake's Deception,Uncharted 2: Among Thieves,The Last of Us,Batman: Arkham Knight,Rise of the Tomb Raider,Dark Souls III,Horizon Zero Dawn,Gears of War 4"
105,Deus Ex: Mankind Divided,checked,"Linux,PC (Microsoft Windows),PlayStation 4,Xbox One",2016-08-23,Eidos Montréal,"Shooter,Role-playing (RPG),Adventure",,https://images.igdb.com/igdb/image/upload/t_1080p/qqgmrd5u11srbn1gudvr.jpg,https://en.wikipedia.org/wiki/Deus_Ex:_Mankind_Divided,"Deus Ex,Dishonored,Spec Ops: The Line,Wolfenstein: The New Order,Murdered: Soul Suspect,SOMA,Dishonored 2,The Cat Lady,Watch Dogs 2,Prey"
106,The Room: Old Sins,checked,"Android,iOS",2018-01-25,Fireproof Games,"Point-and-click,Puzzle,Adventure",,https://images.igdb.com/igdb/image/upload/t_1080p/co1rg0.jpg,,"Myst,Rusty Lake Hotel,Rusty Lake: Roots,Quern - Undying Thoughts,House of Caravan,Telling Lies,A Fisherman's Tale,Hello Neighbor: Hide and Seek,Iris.Fall,Syberia: The world before"
107,Red Dead Redemption 2,checked,"PC (Microsoft Windows),PlayStation 4,Xbox One,Google Stadia",2018-10-26,Rockstar Games,"Shooter,Role-playing (RPG),Adventure","America, 1899. The end of the wild west era has begun as lawmen hunt down the last remaining outlaw gangs. Those who will not surrender or succumb are killed. 
 
After a robbery goes badly wrong in the western town of Blackwater, Arthur Morgan and the Van der Linde gang are forced to flee. With federal agents and the best bounty hunters in the nation massing on their heels, the gang must rob, steal and fight their way across the rugged heartland of America in order to survive. As deepening internal divisions threaten to tear the gang apart, Arthur must make a choice between his own ideals and loyalty to the gang who raised him.",https://images.igdb.com/igdb/image/upload/t_1080p/yfk9f2lbo0r7slytuhra.jpg,https://en.wikipedia.org/wiki/Red_Dead_Redemption_2,"Miscreated,God of War,Death Stranding,The Last of Us: Part II,Code Vein,Immortal: Unchained,Omensight,The Elder Scrolls VI,Remnant: From the Ashes,Gene Rain"
108,Marvel's Spider-Man,checked,PlayStation 4,2018-09-07,Insomniac Games,"Hack and slash/Beat 'em up,Adventure",,https://images.igdb.com/igdb/image/upload/t_1080p/co1r77.jpg,https://en.wikipedia.org/wiki/Spider-Man_(2018_video_game),"The Amazing Spider-Man 2,God of War,Days Gone,Death Stranding,Red Dead Redemption 2,The Last of Us: Part II,Marvel's Avengers,Metro Exodus,Blacksad: Under the Skin,Sekiro: Shadows Die Twice"
109,Cyberpunk 2077,checked,"PC (Microsoft Windows),PlayStation 4,Xbox One,Xbox Series X,Google Stadia",2020-11-19,CD Projekt RED,Role-playing (RPG),"In 2077, following an economic collapse sometime during the early 21st century, the United States is forced to rely on large corporations to survive. These corporations deal in a wide range of areas, such as weapons, robotics, cybernetics, pharmaceuticals, communications and biotechnology, and many of these companies operate above the law. The world in between is where decadence, sex and pop culture mix with violent crime, extreme poverty and the unattainable promise of the American Dream. You play as V, a mercenary outlaw deeply embedded in the crime-ridden city of Night City, going after a one-of-a-kind implant that is the key to immortality.",https://images.igdb.com/igdb/image/upload/t_1080p/co1re7.jpg,https://en.wikipedia.org/wiki/Cyberpunk_2077,"Life is Feudal: Your Own,Rising World,Grav,Empyrion - Galactic Survival,Sky Break,Force of Nature,Biomutant,Immortal: Unchained,The Outer Worlds,Pokémon Shield"
110,The Last of Us: Part II,checked,PlayStation 4,2020-06-19,Naughty Dog,"Shooter,Adventure",,https://images.igdb.com/igdb/image/upload/t_1080p/ebus9dxflazafgwc6xq0.jpg,https://en.wikipedia.org/wiki/The_Last_of_Us_Part_II,"The Last of Us Remastered,How to Survive 2,Death Stranding,Marvel's Spider-Man,Resident Evil 2,Metro Exodus,Last Day on Earth: Survival,Sekiro: Shadows Die Twice,Dying Light 2,Remnant: From the Ashes"
111,LEGO Star Wars: The Skywalker Saga,checked,"PC (Microsoft Windows),PlayStation 4,Xbox One,Nintendo Switch",2020-10-20,,Adventure,,https://images.igdb.com/igdb/image/upload/t_1080p/co1mhw.jpg,https://en.wikipedia.org/wiki/Lego_Star_Wars:_The_Skywalker_Saga,"Star Control: Origins,Marvel's Avengers,Red Comrades 2: For the Great Justice - Reloaded,Immortal: Unchained,The Surge 2,Zoids Wild: King of Blast,Control,Gene Rain,Rebel Galaxy Outlaw,EVE: Echoes"
112,Black Mesa,checked,"Linux,PC (Microsoft Windows)",2020-03-06,Crowbar Collective,"Shooter,Platform,Adventure,Indie","The plot of Black Mesa is almost identical to Half-Life's storyline, playable through the ""Lambda Core"" chapter. As in the original game, the player controls Gordon Freeman, a scientist working at the Black Mesa Research Facility. He is tasked to place a sample of a strange material into an electromagnetic instrument, using the Hazardous Environment Suit Mark IV to do so safely. However, the sample material causes a ""resonance cascade"", devastating the facility and creating an interdimensional rift to an alien dimension called Xen, bringing its alien creatures to Earth. 
 
Freeman survives, finds other survivors, and makes his way to the surface with the protection of his hazard suit to get help. Upon reaching the surface, however, he finds that the facility is being cleansed of any living thing - human or alien - by armed forces. From other scientists, Freeman finds the only way to stop the alien invasion is to cross over to Xen and destroy the entity holding the portal open.",https://images.igdb.com/igdb/image/upload/t_1080p/co1mzp.jpg,https://en.wikipedia.org/wiki/Black_Mesa_(video_game),"Half-Life,Half-Life 2,Syndicate,No Man's Sky,Rust,Get Even,Hyper Light Drifter,Ziggurat,Slime Rancher,Dead Cells"
113,Donkey Kong,checked,"PC DOS,Commodore C64/128,Nintendo Entertainment System (NES),Game Boy Advance,Amstrad CPC,ZX Spectrum,MSX,Virtual Console (Nintendo),Family Computer Disk System,Arcade,Atari 2600,Atari 7800,Atari 8-bit,Intellivision,ColecoVision,Commodore VIC-20,Texas Instruments TI-99,Nintendo Switch",1981-07-09,Nintendo,"Platform,Arcade",Donkey Kong has kidnapped the beautiful Lady and taken her to a dangerous construction site. Mario must climb to the top of the construction site and rescue Lady from the giant ape.,https://images.igdb.com/igdb/image/upload/t_1080p/co1pjx.jpg,https://en.wikipedia.org/wiki/Donkey_Kong_(video_game),"Super Mario World,Superfighters Deluxe,Brawlout,PLANET ALPHA,Super Fancy Pants Adventure,Pikuniku,Unbound: Worlds Apart,Super Mario Maker 2,Hob: The Definitive Edition,Zombie Driver: Immortal Edition"