movieID,Movie,Watched,ReleaseDate,Popularity,Genre,Synopsis,Director,IMDB_Rating,Poster,ID,IMDB_ID,IMDB_Page
1,The Shining,checked,1980-05-23,33.386,"Horror,Thriller","Jack Torrance accepts a caretaker job at the Overlook Hotel, where he, along with his wife Wendy and their son Danny, must live isolated from the rest of the world for the winter. But they aren't prepared for the madness that lurks within.",,,https://image.tmdb.org/t/p/original//5xcXvTErivIgRchsaw9qaT3NflE.jpg,694,,
2,The Blues Brothers,checked,1980-06-17,24.144,"Action,Comedy,Crime,Music","Jake Blues is just out of jail, and teams up with his brother, Elwood on a 'mission from God' to raise funds for the orphanage in which they grew up. The only thing they can do is do what they do best: play music. So they get their old band together, and set out on their way—while getting in a bit of trouble here and there.",,,https://image.tmdb.org/t/p/original//3DiSrcYELCLkwnjl9EZp2pkKGep.jpg,525,,
3,The Empire Strikes Back,checked,1980-05-20,24.042,"Action,Adventure,Science Fiction","The epic saga continues as Luke Skywalker, in hopes of defeating the evil Galactic Empire, learns the ways of the Jedi from aging master Yoda. But Darth Vader is more determined than ever to capture Luke. Meanwhile, rebel leader Princess Leia, cocky Han Solo, Chewbacca, and droids C-3PO and R2-D2 are thrown into various stages of capture, betrayal and despair.",,,https://image.tmdb.org/t/p/original//7BuH8itoSrLExs2YZSsM01Qk2no.jpg,1891,,
4,Superman II,checked,1980-12-04,17.901,"Action,Adventure,Science Fiction","Three escaped criminals from the planet Krypton test the Man of Steel's mettle. Led by General Zod, the Kryptonians take control of the White House and partner with Lex Luthor to destroy Superman and rule the world. But Superman, who attempts to make himself human in order to get closer to Lois, realizes he has a responsibility to save the planet.",,,https://image.tmdb.org/t/p/original//r9ZRah6rYBoRuPyj8g5Ei411XNM.jpg,8536,,
5,The Elephant Man,checked,1980-10-02,17.882,"Drama,History","A Victorian surgeon rescues a heavily disfigured man being mistreated by his ""owner"" as a side-show freak. Behind his monstrous façade, there is revealed a person of great intelligence and sensitivity. Based on the true story of Joseph Merrick (called John Merrick in the film), a severely deformed man in 19th century London.",,,https://image.tmdb.org/t/p/original//19Hc54ebzdvF3usVEmyn948U4Xr.jpg,1955,,
6,Raging Bull,checked,1980-11-14,16.665,Drama,"When Jake LaMotta steps into a boxing ring and obliterates his opponent, he's a prizefighter. But when he treats his family and friends the same way, he's a ticking time bomb, ready to go off at any moment. Though LaMotta wants his family's love, something always seems to come between them. Perhaps it's his violent bouts of paranoia and jealousy. This kind of rage helped make him a champ, but in real life, he winds up in the ring alone.",,,https://image.tmdb.org/t/p/original//rEviyDWNbAFmvvCPlkMRPAGUElG.jpg,1578,,
7,Flash Gordon,checked,1980-09-01,13.79,Science Fiction,"A football player and his friends travel to the planet Mongo and find themselves fighting the tyrant, Ming the Merciless, to save Earth.",,,https://image.tmdb.org/t/p/original//jXGq8xT5okT3ZyZ1J04X5tqsi6u.jpg,3604,,
8,Popeye,checked,1980-12-12,11.525,"Action,Adventure,Comedy,Family","Popeye is a super-strong, spinach-scarfing sailor man who's searching for his father. During a storm that wrecks his ship, Popeye washes ashore and winds up rooming at the Oyl household, where he meets Olive. Before he can win her heart, he must first contend with Olive's fiancé, Bluto.",,,https://image.tmdb.org/t/p/original//kK6p6ax8d9oKOso5xil1B4e0arj.jpg,11335,,
9,Raiders of the Lost Ark,checked,1981-06-12,23.696,"Action,Adventure","When Dr. Indiana Jones – the tweed-suited professor who just happens to be a celebrated archaeologist – is hired by the government to locate the legendary Ark of the Covenant, he finds himself up against the entire Nazi regime.",,,https://image.tmdb.org/t/p/original//awUGN7ZCNq2EUTdpVaHDX23anOZ.jpg,85,,
10,For Your Eyes Only,checked,1981-06-23,23.164,"Adventure,Action,Thriller",A British spy ship has sunk and on board was a hi-tech encryption device. James Bond is sent to find the device that holds British launching instructions before the enemy Soviets get to it first.,,,https://image.tmdb.org/t/p/original//rIbhuS2xBHDYWAriFxLABlK2LZV.jpg,699,,
11,Das Boot,checked,1981-09-16,17.673,"Drama,History,War","A German submarine hunts allied ships during the Second World War, but it soon becomes the hunted. The crew tries to survive below the surface, while stretching both the boat and themselves to their limits.",,,https://image.tmdb.org/t/p/original//mgX9sExDcdwRx8YxPjL8ngfSTmn.jpg,387,,
12,Mad Max 2,checked,1981-12-24,17.235,"Adventure,Action,Thriller,Science Fiction","Max Rockatansky returns as the heroic loner who drives the dusty roads of a postapocalyptic Australian Outback in an unending search for gasoline. Arrayed against him and the other scraggly defendants of a fuel-depot encampment are the bizarre warriors commanded by the charismatic Lord Humungus, a violent leader whose scruples are as barren as the surrounding landscape.",,,https://image.tmdb.org/t/p/original//5nFGKzrXC3Eg6OwRj1oK7P30GFS.jpg,8810,,
13,The Fox and the Hound,checked,1981-07-10,15.177,"Adventure,Animation,Drama,Family","When a feisty little fox named Tod is adopted into a farm family, he quickly becomes friends with a fun and adorable hound puppy named Copper. Life is full of hilarious adventures until Copper is expected to take on his role as a hunting dog -- and the object of his search is his best friend!",,,https://image.tmdb.org/t/p/original//1382VHxqZDXu2t8i46zf4fP71JG.jpg,10948,,
14,Scanners,checked,1981-01-14,13.95,"Science Fiction,Horror","After a man with extraordinary—and frighteningly destructive—telepathic abilities is nabbed by agents from a mysterious rogue corporation, he discovers he is far from the only possessor of such strange powers, and that some of the other “scanners” have their minds set on world domination, while others are trying to stop them.",,,https://image.tmdb.org/t/p/original//dyF8SNSv0CEG8gAZZA0vdmvC7tr.jpg,9538,,
15,Escape to Victory,checked,1981-06-17,13.58,"Drama,War",A group of POWs in a German prison camp during World War II play the German National Soccer Team in this powerful film depicting the role of prisoners during wartime.,,,https://image.tmdb.org/t/p/original//4hZaurd3FYjF8AYI0A6zWPKM7vn.jpg,17360,,
16,Blade Runner,checked,1982-06-25,38.49,"Drama,Science Fiction,Thriller","In the smog-choked dystopian Los Angeles of 2019, blade runner Rick Deckard is called out of retirement to terminate a quartet of replicants who have escaped to Earth seeking their creator for a way to extend their short life spans.",,,https://image.tmdb.org/t/p/original//vfzE3pjE5G7G7kcZWrA3fnbZo7V.jpg,78,,
17,E.T. the Extra-Terrestrial,checked,1982-06-11,30.711,"Science Fiction,Adventure,Family,Fantasy","After a gentle alien becomes stranded on Earth, the being is discovered and befriended by a young boy named Elliott. Bringing the extraterrestrial into his suburban California house, Elliott introduces E.T., as the alien is dubbed, to his brother and his little sister, Gertie, and the children decide to keep its existence a secret. Soon, however, E.T. falls ill, resulting in government intervention and a dire situation for both Elliott and the alien.",,,https://image.tmdb.org/t/p/original//6lJTIPzRV3kAKJAWnOX6Ve318fd.jpg,601,,
18,The Thing,checked,1982-06-25,29.633,"Horror,Mystery,Science Fiction","Members of an American scientific research outpost in Antarctica find themselves battling a parasitic alien organism capable of perfectly imitating its victims. They soon discover that this task will be harder than they thought, as they don't know which members of the team have already been assimilated and their paranoia threatens to tear them apart.",,,https://image.tmdb.org/t/p/original//tzGY49kseSE9QAKk47uuDGwnSCu.jpg,1091,,
19,Conan the Barbarian,checked,1982-04-02,23.465,"Action,Adventure,Fantasy","A film adaptation of the classic sword and sorcery hero, Conan the Barbarian. A horde of rampaging warriors massacre the parents of young Conan and enslave the young child for years on The Wheel of Pain. As the sole survivor of the childhood massacre, Conan is released from slavery and taught the ancient arts of fighting. Transforming himself into a killing machine, Conan travels into the wilderness to seek vengeance on Thulsa Doom, the man responsible for killing his family. In the wilderness, Conan takes up with the thieves Valeria and Subotai. The group comes upon King Osric, who wants the trio of warriors to help rescue his daughter who has joined Doom in the hills.",,,https://image.tmdb.org/t/p/original//iLZhsw8Q1g7iw9ZCMGBZWVqiD6v.jpg,9387,,
20,48 Hrs.,checked,1982-12-07,18.376,"Action,Comedy,Crime,Drama,Thriller","A hard-nosed cop reluctantly teams up with a wise-cracking criminal temporarily paroled to him, in order to track down a killer.",,,https://image.tmdb.org/t/p/original//nSv84LNQIsfZsqVBLg8hzsSzGM.jpg,150,,
21,Rocky III,checked,1982-05-28,17.141,Drama,"Now the world champion, Rocky Balboa is living in luxury and only fighting opponents who pose no threat to him in the ring, until Clubber Lang challenges him to a bout. After taking a pounding from Lang, the humbled champ turns to former bitter rival Apollo Creed for a rematch with Lang.",,,https://image.tmdb.org/t/p/original//lklrplDDuALhY3k8IDFdRqtpZPk.jpg,1371,,
22,An Officer and a Gentleman,checked,1982-07-28,16.841,"Drama,Romance","Zack Mayo is an aloof, taciturn man who aspires to be a navy pilot. Once he arrives at training camp for his 13-week officer's course, Mayo runs afoul of abrasive, no-nonsense drill Sergeant Emil Foley. Mayo is an excellent cadet, but a little cold around the heart, so Foley rides him mercilessly, sensing that the young man would be prime officer material if he weren't so self-involved. Zack's affair with a working girl is likewise compromised by his unwillingness to give of himself.",,,https://image.tmdb.org/t/p/original//nloIjLT5EFl4PUfbV6acxx4yiH7.jpg,2623,,
23,Tron,checked,1982-07-09,16.42,"Action,Adventure,Science Fiction","As Kevin Flynn searches for proof that he invented a hit video game, he is 'digitalized' by a laser and finds himself inside 'The Grid', where programs suffer under the tyrannical rule of the Master Control Program (MCP). With the help of a security program called 'TRON', Flynn seeks to free The Grid from the MCP.",,,https://image.tmdb.org/t/p/original//jigY9B6TKz4qlfikZcd18qtzTK4.jpg,97,,
24,Gandhi,checked,1982-11-30,12.723,"Drama,History","In the early years of the 20th century, Mohandas K. Gandhi, a British-trained lawyer, forsakes all worldly possessions to take up the cause of Indian independence. Faced with armed resistance from the British government, Gandhi adopts a policy of 'passive resistance', endeavouring to win freedom for his people without resorting to bloodshed.",,,https://image.tmdb.org/t/p/original//mGIDXmuCeLu1nzOxLbN8fWwn1fN.jpg,783,,
25,Scarface,checked,1983-12-08,33.8,"Action,Crime,Drama,Thriller","After getting a green card in exchange for assassinating a Cuban government official, Tony Montana stakes a claim on the drug trade in Miami. Viciously murdering anyone who stands in his way, Tony eventually becomes the biggest drug lord in the state, controlling nearly all the cocaine that comes through Miami. But increased pressure from the police, wars with Colombian drug cartels and his own drug-fueled paranoia serve to fuel the flames of his eventual downfall.",,,https://image.tmdb.org/t/p/original//nGY6NnlDsWaRKAycWUgXanqLxia.jpg,111,,
26,Return of the Jedi,checked,1983-05-25,29.031,"Action,Adventure,Science Fiction","Luke Skywalker leads a mission to rescue his friend Han Solo from the clutches of Jabba the Hutt, while the Emperor seeks to destroy the Rebellion once and for all with a second dreaded Death Star.",,,https://image.tmdb.org/t/p/original//mDCBQNhR6R0PVFucJl0O4Hp5klZ.jpg,1892,,
27,Octopussy,checked,1983-06-05,19.841,"Action,Adventure,Thriller",James Bond is sent to investigate after a fellow “00” agent is found dead with a priceless Fabergé egg. Bond follows the mystery and uncovers a smuggling scandal and a Russian General who wants to provoke a new World War.,,,https://image.tmdb.org/t/p/original//cFDNFEBhnFIN5EVUM2RyHuY8Ipz.jpg,700,,
28,Never Say Never Again,checked,1983-10-07,19.432,"Action,Adventure,Thriller","James Bond returns as the secret agent 007 one more time to battle the evil organization SPECTRE. Bond must defeat Largo, who has stolen two atomic warheads for nuclear blackmail. But Bond has an ally in Largo's girlfriend, the willowy Domino, who falls for Bond and seeks revenge. This is the last time for Sean Connery as Her Majesty's Secret Agent 007. Made outside of the traditional Broccoli production environment due to separate rights having been obtained for this specific Ian Fleming story.",,,https://image.tmdb.org/t/p/original//xGF7Kcq4aRA8p69IN3rKMA4onDG.jpg,36670,,
29,Trading Places,checked,1983-06-07,16.242,Comedy,A snobbish investor and a wily street con-artist find their positions reversed as part of a bet by two callous millionaires.,,,https://image.tmdb.org/t/p/original//8mBuLCOcpWnmYtZc4aqtvDXslv6.jpg,1621,,
30,Superman III,checked,1983-06-17,15.098,"Comedy,Science Fiction,Action,Adventure","Aiming to defeat the Man of Steel, wealthy executive Ross Webster hires bumbling but brilliant Gus Gorman to develop synthetic kryptonite, which yields some unexpected psychological effects in the third installment of the 1980s Superman franchise. Between rekindling romance with his high school sweetheart and saving himself, Superman must contend with a powerful supercomputer.",,,https://image.tmdb.org/t/p/original//lsM42r8n6XR1KsPv5UyDbCfWH8L.jpg,9531,,
31,The Terminator,checked,1984-10-26,36.322,"Action,Science Fiction,Thriller","In the post-apocalyptic future, reigning tyrannical supercomputers teleport a cyborg assassin known as the ""Terminator"" back to 1984 to kill Sarah Connor, whose unborn son is destined to lead insurgents against 21st century mechanical hegemony. Meanwhile, the human-resistance movement dispatches a lone warrior to safeguard Sarah. Can he stop the virtually indestructible killing machine?",,,https://image.tmdb.org/t/p/original//qvktm0BHcnmDpul4Hz01GIazWPr.jpg,218,,
32,Ghostbusters,checked,1984-06-08,28.877,"Comedy,Fantasy","After losing their academic posts at a prestigious university, a team of parapsychologists goes into business as proton-pack-toting ""ghostbusters"" who exterminate ghouls, hobgoblins and supernatural pests of all stripes. An ad campaign pays off when a knockout cellist hires the squad to purge her swanky digs of demons that appear to be living in her refrigerator.",,,https://image.tmdb.org/t/p/original//h5Qz8J4T8YQnbZzHXM73WVYYVPK.jpg,620,,
33,The Karate Kid,checked,1984-06-22,27.549,"Drama,Action","Hassled by the school bullies, Daniel LaRusso has his share of adolescent woes. Luckily, his apartment building houses a resident martial arts master: Kesuke Miyagi, who agrees to train Daniel ... and ends up teaching him much more than self-defense. Armed with newfound confidence, skill and wisdom, Daniel ultimately faces off against his tormentors in this hugely popular classic underdog tale.",,,https://image.tmdb.org/t/p/original//5HYCcuedxqW9ss4qSM4NVEDTnRj.jpg,1885,,
34,Indiana Jones and the Temple of Doom,checked,1984-05-23,20.692,"Adventure,Action","After arriving in India, Indiana Jones is asked by a desperate village to find a mystical stone. He agrees – and stumbles upon a secret cult plotting a terrible plan in the catacombs of an ancient palace.",,,https://image.tmdb.org/t/p/original//pbaXm7FAdmdvyEzQue1BRpuz2Vq.jpg,87,,
35,Beverly Hills Cop,checked,1984-01-25,20.69,"Action,Comedy,Crime","Tough-talking Detroit cop Axel Foley heads to the rarified world of Beverly Hills in his beat-up Chevy Nova to investigate a friend's murder, but soon realizes he's stumbled onto something much more complicated. Bungling rookie detective, Billy Rosewood joins the fish-out-of-water Axel and shows him the West Los Angeles ropes.",,,https://image.tmdb.org/t/p/original//2O0KSDef3gRuoOswd9HCv0HSfXL.jpg,90,,
36,Gremlins,checked,1984-06-07,20.577,"Comedy,Fantasy,Horror","When Billy Peltzer is given a strange but adorable pet named Gizmo for Christmas, he inadvertently breaks the three important rules of caring for a Mogwai, and unleashes a horde of mischievous gremlins on a small town.",,,https://image.tmdb.org/t/p/original//72Y1X9pMSjXQ7mKB6pBEoMhL0OQ.jpg,927,,
37,Conan the Destroyer,checked,1984-06-29,17.714,"Adventure,Fantasy,Action","Conan is commissioned by the evil queen Taramis to safely escort a teen princess and her powerful bodyguard to a far away castle to retrieve the magic Horn of Dagon. Unknown to Conan, the queen plans to sacrifice the princess when she returns and inherit her kingdom after the bodyguard kills Conan. The queen's plans fail to take into consideration Conan's strength and cunning and the abilities of his sidekicks: the eccentric wizard Akiro, the wild woman Zula, and the inept Malak. Together the hero and his allies must defeat both mortal and supernatural foes in this voyage to sword-and-sorcery land.",,,https://image.tmdb.org/t/p/original//tYtWSH9mq6YoIOAyZtluHnzbPvE.jpg,9610,,
38,Police Academy,checked,1984-03-22,17.431,"Comedy,Crime","New rules enforced by the Lady Mayoress mean that sex, weight, height and intelligence need no longer be a factor for joining the Police Force. This opens the floodgates for all and sundry to enter the Police Academy, much to the chagrin of the instructors. Not everyone is there through choice, though. Social misfit Mahoney has been forced to sign up as the only alternative to a jail sentence and it doesn't take long before he falls foul of the boorish Lieutenant Harris. But before long, Mahoney realises that he is enjoying being a police cadet and decides he wants to stay... while Harris decides he wants Mahoney out!",,,https://image.tmdb.org/t/p/original//CZoeavxfCWcoQP5zW6fTxgNKXy.jpg,9336,,
39,The NeverEnding Story,checked,1984-04-05,16.962,"Adventure,Drama,Fantasy,Family","While hiding from bullies in his school's attic, a young boy discovers the extraordinary land of Fantasia, through a magical book called The Neverending Story. The book tells the tale of Atreyu, a young warrior who, with the help of a luck dragon named Falkor, must save Fantasia from the destruction of The Nothing.",,,https://image.tmdb.org/t/p/original//jq67Zg1TVXNZxTvcXxfIdxK3IWV.jpg,34584,,
40,Back to the Future,checked,1985-07-03,47.294,"Adventure,Comedy,Science Fiction,Family","Eighties teenager Marty McFly is accidentally sent back in time to 1955, inadvertently disrupting his parents' first meeting and attracting his mother's romantic interest. Marty must repair the damage to history by rekindling his parents' romance and - with the help of his eccentric inventor friend Doc Brown - return to 1985.",,,https://image.tmdb.org/t/p/original//7lyBcpYB0Qt8gYhXYaEZUNlNQAv.jpg,105,,
41,Commando,checked,1985-10-03,23.545,"Action,Adventure,Thriller","John Matrix, the former leader of a special commando strike force that always got the toughest jobs done, is forced back into action when his young daughter is kidnapped. To find her, Matrix has to fight his way through an array of punks, killers, one of his former commandos, and a fully equipped private army. With the help of a feisty stewardess and an old friend, Matrix has only a few hours to overcome his greatest challenge: finding his daughter before she's killed.",,,https://image.tmdb.org/t/p/original//ggVVcXvlLqFOK6lEkD8G2aDarDb.jpg,10999,,
42,A View to a Kill,checked,1985-05-24,22.846,"Action,Adventure,Thriller",A newly developed microchip designed by Zorin Industries for the British Government that can survive the electromagnetic radiation caused by a nuclear explosion has landed in the hands of the KGB. James Bond must find out how and why. His suspicions soon lead him to big industry leader Max Zorin.,,,https://image.tmdb.org/t/p/original//ieMTbSdYJJ7RZIW0X02NbwIAxMl.jpg,707,,
43,The Goonies,checked,1985-06-07,18.546,"Adventure,Comedy,Family","A young teenager named Mikey Walsh finds an old treasure map in his father's attic. Hoping to save their homes from demolition, Mikey and his friends Data Wang, Chunk Cohen, and Mouth Devereaux run off on a big quest to find the secret stash of Pirate One-Eyed Willie.",,,https://image.tmdb.org/t/p/original//5B6bC6lMGr9hECBAluELOvdqKFl.jpg,9340,,
44,Police Academy 2: Their First Assignment,checked,1985-03-28,17.155,"Comedy,Crime","Officer Carey Mahoney and his cohorts have finally graduated from the Police Academy and are about to hit the streets on their first assignment. Question is, are they ready to do battle with a band of graffiti-tagging terrorists? Time will tell, but don't sell short this cheerful band of doltish boys in blue.",,,https://image.tmdb.org/t/p/original//xyljfyGSJOdghPsycreHMsnhpU9.jpg,10157,,
45,Cocoon,checked,1985-06-21,16.43,"Comedy,Drama,Science Fiction","When a group of trespassing seniors swim in a pool containing alien cocoons, they find themselves energized with youthful vigor.",,,https://image.tmdb.org/t/p/original//wqNNm36j3nkucAucHEGAW5pNZcd.jpg,10328,,
46,Red Sonja,checked,1985-04-09,16.389,"Action,Adventure,Fantasy","The tyrant Gedren seeks the total power in a world of barbarism. She raids the city Hablac and kills the keeper of a talisman that gives her great power. Red Sonja, sister of the keeper, sets out with her magic sword to overthrow Gedren.",,,https://image.tmdb.org/t/p/original//qYJFrmSjy0HpzmvnIuGpuFUzXbs.jpg,9626,,
47,Aliens,checked,1986-07-18,31.877,"Action,Thriller,Science Fiction","When Ripley's lifepod is found by a salvage crew over 50 years later, she finds that terra-formers are on the very planet they found the alien species. When the company sends a family of colonists out to investigate her story—all contact is lost with the planet and colonists. They enlist Ripley and the colonial marines to return and search for answers.",,,https://image.tmdb.org/t/p/original//xwdPTZyyBa4U3V2N0EmozTCeEAY.jpg,679,,
48,Platoon,checked,1986-12-19,26.381,"Drama,War,Action","As a young and naive recruit in Vietnam, Chris Taylor faces a moral crisis when confronted with the horrors of war and the duality of man.",,,https://image.tmdb.org/t/p/original//8hDlxJZYCJJLRHbSk7hsRQ9SNp7.jpg,792,,
49,Big Trouble in Little China,checked,1986-05-30,21.305,"Action,Adventure,Comedy,Fantasy","When trucker Jack Burton agreed to take his friend, Wang Chi, to pick up his fiancee at the airport, he never expected to get involved in a supernatural battle between good and evil. Wang's fiancee has emerald green eyes, which make her a perfect target for immortal sorcerer Lo Pan and his three invincible cronies. Lo Pan must marry a girl with green eyes so he can regain his physical form.",,,https://image.tmdb.org/t/p/original//gI2Qs1yTTj3NcESJyttCkbmJ4k9.jpg,6978,,
50,Top Gun,checked,1986-05-16,21.227,"Action,Drama","For Lieutenant Pete 'Maverick' Mitchell and his friend and co-pilot Nick 'Goose' Bradshaw, being accepted into an elite training school for fighter pilots is a dream come true. But a tragedy, as well as personal demons, will threaten Pete's dreams of becoming an ace pilot.",,,https://image.tmdb.org/t/p/original//xUuHj3CgmZQ9P2cMaqQs4J0d4Zc.jpg,744,,
51,The Fly,checked,1986-08-15,18.872,"Horror,Science Fiction","When Seth Brundle makes a huge scientific and technological breakthrough in teleportation, he decides to test it on himself. Unbeknownst to him, a common housefly manages to get inside the device and the two become one.",,,https://image.tmdb.org/t/p/original//wLnulyRMhZfrXr7qaufBFv5H1us.jpg,9426,,
52,Police Academy 3: Back in Training,checked,1986-03-20,17.633,"Comedy,Crime","When police funding is cut, the Governor announces he must close one of the academies. To make it fair, the two police academies must compete against each other to stay in operation. Mauser persuades two officers in Lassard's academy to better his odds, but things don't quite turn out as expected...",,,https://image.tmdb.org/t/p/original//foc3auYhbC8j7BG8nrrBhXxI7qO.jpg,12118,,
53,Short Circuit,checked,1986-05-09,16.626,"Comedy,Family,Science Fiction","After a lightning bolt zaps a robot named Number 5, the lovable machine starts to think he's human and escapes the lab. Hot on his trail is his designer, Newton, who hopes to get to Number 5 before the military does. In the meantime, a spunky animal lover mistakes the robot for an alien and takes him in, teaching her new guest about life on Earth.",,,https://image.tmdb.org/t/p/original//e3eimdUK6lLe0iaSlLrYVQF3yeL.jpg,2605,,
54,The Name of the Rose,checked,1986-09-24,16.499,"Drama,Mystery,Thriller","14th-century Franciscan monk William of Baskerville and his young novice arrive at a conference to find that several monks have been murdered under mysterious circumstances. To solve the crimes, William must rise up against the Church's authority and fight the shadowy conspiracy of monastery monks using only his intelligence – which is considerable.",,,https://image.tmdb.org/t/p/original//lJFoMOZoiISnBeKYKMlrzvu5PNy.jpg,192,,
55,Crocodile Dundee,checked,1986-09-26,15.69,"Adventure,Comedy","When a New York reporter plucks crocodile hunter Dundee from the Australian Outback for a visit to the Big Apple, it's a clash of cultures and a recipe for good-natured comedy as naïve Dundee negotiates the concrete jungle. Dundee proves that his instincts are quite useful in the city and adeptly handles everything from wily muggers to high-society snoots without breaking a sweat.",,,https://image.tmdb.org/t/p/original//kiwOZXU7ddSrWE3ryOQM8sIg1sZ.jpg,9671,,
56,The Great Mouse Detective,checked,1986-07-02,15.199,"Adventure,Animation,Mystery,Family","When the diabolical Professor Ratigan kidnaps London's master toymaker, the brilliant master of disguise Basil of Baker Street and his trusted sidekick Dawson try to elude the ultimate trap and foil the perfect crime.",,,https://image.tmdb.org/t/p/original//9uDr7vfjCFr39KGCcqrk44Cg7fQ.jpg,9994,,
57,Raw Deal,checked,1986-06-06,15.074,"Action,Crime,Thriller","Mark Kaminsky is kicked out of the FBI for his rough treatment of a suspect. He winds up as the sheriff of a small town in North Carolina. FBI Chief Harry Shannon, whose son has been killed by a mobster named Patrovina, enlists Kaminsky in a personal vendetta with a promise of reinstatement into the FBI if Patrovina is taken down. To accomplish this, he must go undercover and join Patrovina's gang.",,,https://image.tmdb.org/t/p/original//e27G0o01y6aPYn6OScB2G6NbqVz.jpg,2099,,
58,Star Trek IV: The Voyage Home,checked,1986-11-26,14.992,"Adventure,Science Fiction","Fugitives of the Federation for their daring rescue of Spock from the doomed Genesis Planet, Admiral Kirk (William Shatner) and his crew begin their journey home to face justice for their actions. But as they near Earth, they find it at the mercy of a mysterious alien presence whose signals are slowly destroying the planet. In a desperate attempt to answer the call of the probe, Kirk and his crew race back to the late twentieth century. However they soon find the world they once knew to be more alien than anything they've encountered in the far reaches of the galaxy!",,,https://image.tmdb.org/t/p/original//9bjUUgrdmUzed0rP1FYT0ycfXue.jpg,168,,
59,Predator,checked,1987-06-12,39.333,"Action,Adventure,Science Fiction,Thriller","Dutch and his group of commandos are hired by the CIA to rescue downed airmen from guerillas in a Central American jungle. The mission goes well but as they return they find that something is hunting them. Nearly invisible, it blends in with the forest, taking trophies from the bodies of its victims as it goes along. Occasionally seeing through its eyes, the audience sees it is an intelligent alien hunter, hunting them for sport, killing them off one at a time.",,,https://image.tmdb.org/t/p/original//qBvKSCBnGhqCHhRUMXcJE4qz7vc.jpg,106,,
60,Full Metal Jacket,checked,1987-06-26,28.52,"Drama,War",A pragmatic U.S. Marine observes the dehumanizing effects the U.S.-Vietnam War has on his fellow recruits from their brutal boot camp training to the bloody street fighting in Hue.,,,https://image.tmdb.org/t/p/original//kMKyx1k8hWWscYFnPbnxxN4Eqo4.jpg,600,,
61,The Living Daylights,checked,1987-06-29,22.07,"Action,Adventure,Thriller",James Bond helps a Russian General escape into the west. He soon finds out that the KGB wants to kill him for helping the General. A little while later the General is kidnapped from the Secret Service leading 007 to be suspicious.,,,https://image.tmdb.org/t/p/original//vIngn15zT32wWd2sg5MNdfVCBE2.jpg,708,,
62,Police Academy 4: Citizens on Patrol,checked,1987-04-02,21.402,"Comedy,Crime","A new batch of recruits arrives at Police Academy, this time a group of civilian volunteers who have joined Commandant Lassard's new Citizens on Patrol program. Although the community relations project has strong governmental support, a disgusted Captain Harris is determined to see it fail.",,,https://image.tmdb.org/t/p/original//ePtWnFPu4YUcGtFaQhiTULthFcS.jpg,10587,,
63,The Running Man,checked,1987-11-13,21.329,"Action,Science Fiction,Thriller","By 2017, the global economy has collapsed and American society has become a totalitarian police state, censoring all cultural activity. The government pacifies the populace by broadcasting a number of game shows in which convicted criminals fight for their lives, including the gladiator-style The Running Man, hosted by the ruthless Damon Killian, where “runners” attempt to evade “stalkers” and certain death for a chance to be pardoned and set free.",,,https://image.tmdb.org/t/p/original//bzkFlFPROQGWxKcq2ngoEodEZ6R.jpg,865,,
64,RoboCop,checked,1987-07-17,21.197,"Action,Thriller,Science Fiction","In a violent, near-apocalyptic Detroit, evil corporation Omni Consumer Products wins a contract from the city government to privatize the police force. To test their crime-eradicating cyborgs, the company leads street cop Alex Murphy into an armed confrontation with crime lord Boddicker so they can use his body to support their untested RoboCop prototype. But when RoboCop learns of the company's nefarious plans, he turns on his masters.",,,https://image.tmdb.org/t/p/original//hHtOgGb3NihlyRATHlKPaFApbrd.jpg,5548,,
65,Lethal Weapon,checked,1987-03-06,18.447,"Action,Adventure,Comedy,Crime,Thriller","Veteran buttoned-down LAPD detective Roger Murtaugh is partnered with unhinged cop Martin Riggs, who -- distraught after his wife's death -- has a death wish and takes unnecessary risks with criminals at every turn. The odd couple embark on their first homicide investigation as partners, involving a young woman known to Murtaugh with ties to a drug and prostitution ring.",,,https://image.tmdb.org/t/p/original//fTq4ThIP3pQTYR9eDepsbDHqdcs.jpg,941,,
66,Beverly Hills Cop II,checked,1987-05-18,18.378,"Action,Comedy,Crime","Axel heads for the land of sunshine and palm trees to find out who shot police Captain Andrew Bogomil. Thanks to a couple of old friends, Axel's investigation uncovers a series of robberies masterminded by a heartless weapons kingpin—and the chase is on.",,,https://image.tmdb.org/t/p/original//2QiIvtVltUJPKyx5qP2hAtVcjey.jpg,96,,
67,The Untouchables,checked,1987-06-03,15.59,"Crime,Drama,History,Thriller","Young Treasury Agent Elliot Ness arrives in Chicago and is determined to take down Al Capone, but it's not going to be easy because Capone has the police in his pocket. Ness meets Jimmy Malone, a veteran patrolman and probably the most honorable one on the force. He asks Malone to help him get Capone, but Malone warns him that if he goes after Capone, he is going to war.",,,https://image.tmdb.org/t/p/original//iK4twY48a1nVCez0qXE5w4JFvXw.jpg,117,,
68,Wall Street,checked,1987-12-10,15.462,"Crime,Drama","A young and impatient stockbroker is willing to do anything to get to the top, including trading on illegal inside information taken through a ruthless and greedy corporate raider whom takes the youth under his wing.",,,https://image.tmdb.org/t/p/original//1fZfkz7dQDwq0OluqMbbnMrBc4V.jpg,10673,,
69,Die Hard,checked,1988-07-15,34.015,"Action,Thriller","NYPD cop John McClane's plan to reconcile with his estranged wife is thrown for a serious loop when, minutes after he arrives at her office, the entire building is overtaken by a group of terrorists. With little help from the LAPD, wisecracking McClane sets out to single-handedly rescue the hostages and bring the bad guys down.",,,https://image.tmdb.org/t/p/original//aJCpHDC6RoGz7d1Fzayl019xnxX.jpg,562,,
70,Akira,checked,1988-07-16,24.897,"Animation,Science Fiction",A secret military project endangers Neo-Tokyo when it turns a biker gang member into a rampaging psychic psychopath that only two teenagers and a group of psychics can stop.,,,https://image.tmdb.org/t/p/original//5KlRFKKSbyCiyYpZSS3A6G5bW0K.jpg,149,,
71,Beetlejuice,checked,1988-02-29,24.601,"Fantasy,Comedy","Thanks to an untimely demise via drowning, a young couple end up as poltergeists in their New England farmhouse, where they fail to meet the challenge of scaring away the insufferable new owners, who want to make drastic changes. In desperation, the undead newlyweds turn to an expert frightmeister, but he's got a diabolical agenda of his own.",,,https://image.tmdb.org/t/p/original//nxhclEO9tX6SS5hKOlzziX0L6Tz.jpg,4011,,
72,Short Circuit 2,checked,1988-07-06,21.655,"Comedy,Drama,Science Fiction,Family","Robot Johnny 5 moves to the city to help his friend Ben Jahrvi with his toy manufacturing enterprise, only to be manipulated by criminals who want to use him for their own nefarious purposes.",,,https://image.tmdb.org/t/p/original//6jEjdOdF6nxWAHlOsk9Tur79DMG.jpg,11966,,
73,Who Framed Roger Rabbit,checked,1988-06-21,19.998,"Fantasy,Animation,Comedy,Crime,Family","'Toon star Roger is worried that his wife Jessica is playing pattycake with someone else, so the studio hires detective Eddie Valiant to snoop on her. But the stakes are quickly raised when Marvin Acme is found dead and Roger is the prime suspect.",,,https://image.tmdb.org/t/p/original//lYfRc57Kx9VgLZ48iulu0HKnM15.jpg,856,,
74,The Naked Gun: From the Files of Police Squad!,checked,1988-12-02,18.63,"Comedy,Crime","When the incompetent Officer Frank Drebin seeks the ruthless killer of his partner, he stumbles upon an attempt to assassinate Queen Elizabeth.",,,https://image.tmdb.org/t/p/original//wQHTHJ3jBKtz2c6VT9JZ8TD73yl.jpg,37136,,
75,The Land Before Time,checked,1988-11-18,17.519,"Animation,Adventure,Family","An orphaned brontosaurus named Littlefoot sets off in search of the legendary Great Valley. A land of lush vegetation where the dinosaurs can thrive and live in peace. Along the way he meets four other young dinosaurs, each one a different species, and they encounter several obstacles as they learn to work together in order to survive.",,,https://image.tmdb.org/t/p/original//MFo7l810yfe4thV2aVJhQww9Dx.jpg,12144,,
76,Police Academy 5: Assignment Miami Beach,checked,1988-03-17,17.401,"Comedy,Crime","The Police Academy misfits travel to Miami, Florida for their academy's commanding officer, Lassard, to receive a prestigious lifetime award pending his retirement, which takes a turn involving a group of jewel thieves after their stolen loot that Lassard unknowingly has in his possession.",,,https://image.tmdb.org/t/p/original//7ITs0TnphZ1H2gxJodvKvz3SBoE.jpg,11825,,
77,Twins,checked,1988-12-09,16.906,Comedy,Julius and Vincent Benedict are the results of an experiment that would allow for the perfect child. Julius was planned and grows to athletic proportions. Vincent is an accident and is somewhat smaller in stature. Vincent is placed in an orphanage while Julius is taken to a south seas island and raised by philosophers. Vincent becomes the ultimate low life and is about to be killed by loan sharks.,,,https://image.tmdb.org/t/p/original//stJx9BQZbXrZnTGf9Erc7d2UMVc.jpg,9493,,
78,Indiana Jones and the Last Crusade,checked,1989-05-24,30.34,"Action,Adventure","When Dr. Henry Jones Sr. suddenly goes missing while pursuing the Holy Grail, eminent archaeologist Indiana must team up with Marcus Brody, Sallah and Elsa Schneider to follow in his father's footsteps and stop the Nazis from recovering the power of eternal life.",,,https://image.tmdb.org/t/p/original//sizg1AU8f8JDZX4QIgE4pjUMBvx.jpg,89,,
79,Dead Poets Society,checked,1989-06-02,26.107,Drama,"At an elite, old-fashioned boarding school in New England, a passionate English teacher inspires his students to rebel against convention and seize the potential of every day, courting the disdain of the stern headmaster.",,,https://image.tmdb.org/t/p/original//ai40gM7SUaGA6fthvsd87o8IQq4.jpg,207,,
80,Tango & Cash,checked,1989-12-22,25.951,"Action,Adventure,Comedy","Ray Tango and Gabriel Cash are narcotics detectives who, while both being extremely successful, can't stand each other. Crime Lord Yves Perret, furious at the loss of income that Tango and Cash have caused him, frames the two for murder. Caught with the murder weapon on the scene of the crime, the two have no alibi. Thrown into prison with most of the criminals they helped convict, it appears that they are going to have to trust each other if they are to clear their names and catch the evil Perret.",,,https://image.tmdb.org/t/p/original//bLTBlfV0sJwrwwLJW4JgHwgHrJJ.jpg,9618,,
81,Back to the Future Part II,checked,1989-11-22,22.84,"Adventure,Comedy,Science Fiction,Family","Marty and Doc are at it again in this wacky sequel to the 1985 blockbuster as the time-traveling duo head to 2015 to nip some McFly family woes in the bud. But things go awry thanks to bully Biff Tannen and a pesky sports almanac. In a last-ditch attempt to set things straight, Marty finds himself bound for 1955 and face to face with his teenage parents -- again.",,,https://image.tmdb.org/t/p/original//hQq8xZe5uLjFzSBt4LanNP7SQjl.jpg,165,,
82,Licence to Kill,checked,1989-07-07,22.685,"Action,Adventure,Thriller","When drug lord Franz Sanchez exacts his brutal vengeance on Bond's friend Felix Leiter, 007 resigns from the British Secret Service and begins a fierce vendetta against the master criminal. Bond won't be satisfied until Sanchez is defeated, and to accomplish this aim he allies himself with a beautiful pilot and Sanchez's sexy girlfriend.",,,https://image.tmdb.org/t/p/original//6NIOOBHp59uEcyHVG0Du6TumOpY.jpg,709,,
83,Bill & Ted's Excellent Adventure,checked,1989-02-17,22.389,"Adventure,Comedy,Science Fiction","Bill and Ted are high school buddies starting a band. They are also about to fail their history class—which means Ted would be sent to military school—but receive help from Rufus, a traveller from a future where their band is the foundation for a perfect society. With the use of Rufus' time machine, Bill and Ted travel to various points in history, returning with important figures to help them complete their final history presentation.",,,https://image.tmdb.org/t/p/original//8T55rt4T4WzeAr5AGPM6eaYiNP9.jpg,1648,,
84,The Little Mermaid,checked,1989-11-17,21.833,"Animation,Fantasy,Family",This colorful adventure tells the story of an impetuous mermaid princess named Ariel who falls in love with the very human Prince Eric and puts everything on the line for the chance to be with him. Memorable songs and characters -- including the villainous sea witch Ursula.,,,https://image.tmdb.org/t/p/original//6aXMusULuKFAK0ZRUlv7RJ9zHTc.jpg,10144,,
85,Batman,checked,1989-06-23,21.507,"Action,Fantasy","The Dark Knight of Gotham City begins his war on crime with his first major enemy being the clownishly homicidal Joker, who has seized control of Gotham's underworld.",,,https://image.tmdb.org/t/p/original//lH3dsbxA4wLalWKNYpVldX8zfPP.jpg,268,,
86,Ghostbusters II,checked,1989-06-16,19.882,"Comedy,Fantasy","Five years after they defeated Gozer, the Ghostbusters are out of business. When Dana begins to have ghost problems again, the boys come out of retirement to aid her and hopefully save New York City from a new paranormal threat.",,,https://image.tmdb.org/t/p/original//yObYPMA58DnTMvJooFW7GG6jWAt.jpg,2978,,
87,The Abyss,checked,1989-08-09,18.303,"Action,Adventure,Science Fiction,Thriller","A civilian oil rig crew is recruited to conduct a search and rescue effort when a nuclear submarine mysteriously sinks. One diver soon finds himself on a spectacular odyssey 25,000 feet below the ocean's surface where he confronts a mysterious force that has the power to change the world or destroy it.",,,https://image.tmdb.org/t/p/original//jel2BuDv7Bq4fuv2pUrTfiBm69o.jpg,2756,,
88,"Honey, I Shrunk the Kids",checked,1989-06-22,17.806,"Adventure,Comedy,Family,Science Fiction",The scientist father of a teenage girl and boy accidentally shrinks his and two other neighborhood teens to the size of insects. Now the teens must fight diminutive dangers as the father searches for them.,,,https://image.tmdb.org/t/p/original//o8IHlamxBSYxadXwWZGIcSFCXV4.jpg,9354,,
89,Lethal Weapon 2,checked,1989-07-07,15.297,"Action,Adventure,Comedy,Crime,Thriller","In the opening chase, Martin Riggs and Roger Murtaugh stumble across a trunk full of Krugerrands. They follow the trail to a South African diplomat who's using his immunity to conceal a smuggling operation. When he plants a bomb under Murtaugh's toilet, the action explodes!",,,https://image.tmdb.org/t/p/original//m7mJpEIpalRICM4p1Stq0YtCrgA.jpg,942,,
90,GoodFellas,checked,1990-09-12,35.559,"Drama,Crime","The true story of Henry Hill, a half-Irish, half-Sicilian Brooklyn kid who is adopted by neighbourhood gangsters at an early age and climbs the ranks of a Mafia family under the guidance of Jimmy Conway.",,,https://image.tmdb.org/t/p/original//oErEczcVUmJm0EPdvWsvK4g4Lv3.jpg,769,,
91,Total Recall,checked,1990-06-01,26.427,"Action,Adventure,Science Fiction","Construction worker Douglas Quaid discovers a memory chip in his brain during a virtual-reality trip. He also finds that his past has been invented to conceal a plot of planetary domination. Soon, he's off to Mars to find out who he is and who planted the chip.",,,https://image.tmdb.org/t/p/original//wVbeL6fkbTKSmNfalj4VoAUUqJv.jpg,861,,
92,The Godfather: Part III,checked,1990-12-24,25.111,"Crime,Drama,Thriller","In the midst of trying to legitimize his business dealings in 1979 New York and Italy, aging mafia don, Michael Corleone seeks forgiveness for his sins while taking a young protege under his wing.",,,https://image.tmdb.org/t/p/original//1hdm3Axw9LjITbApvAXBbqO58zE.jpg,242,,
93,Pretty Woman,checked,1990-03-23,23.989,"Romance,Comedy","When a millionaire wheeler-dealer enters a business contract with a Hollywood hooker Vivian Ward, he loses his heart in the bargain.",,,https://image.tmdb.org/t/p/original//hMVMMy1yDUvdufpTl8J8KKNYaZX.jpg,114,,
94,Edward Scissorhands,checked,1990-12-05,23.969,"Drama,Fantasy,Romance",A small suburban town receives a visit from a castaway unfinished science experiment named Edward.,,,https://image.tmdb.org/t/p/original//1RFIbuW9Z3eN9Oxw2KaQG5DfLmD.jpg,162,,
95,The Hunt for Red October,checked,1990-03-02,23.675,"Action,Adventure,Thriller","A new, technologically-superior Soviet sub, the Red October, is heading for the U.S. coast under the command of Captain Marko Ramius. The American government thinks Ramius is planning to attack. A lone CIA analyst has a different idea: he thinks Ramius is planning to defect, but he has only a few hours to find him and prove it — because the entire Russian naval and air commands are trying to find him, too.",,,https://image.tmdb.org/t/p/original//yVl7zidse4KiWtGMqHFtZCx4X3N.jpg,1669,,
96,Teenage Mutant Ninja Turtles,checked,1990-03-30,22.468,"Science Fiction,Action,Adventure,Comedy,Family",A quartet of mutated humanoid turtles clash with an uprising criminal gang of ninjas,,,https://image.tmdb.org/t/p/original//5TxT6ulSSGRgmrIEjgRzblBUUO1.jpg,1498,,
97,Gremlins 2: The New Batch,checked,1990-06-15,21.18,"Comedy,Fantasy,Horror","Young sweethearts Billy and Kate move to the Big Apple, land jobs in a high-tech office park and soon reunite with the friendly and lovable Gizmo. But a series of accidents creates a whole new generation of Gremlins. The situation worsens when the devilish green creatures invade a top-secret laboratory and develop genetically altered powers, making them even harder to destroy!",,,https://image.tmdb.org/t/p/original//jN7yvxnIHRozhq2mzWZDE5GPRc0.jpg,928,,
98,Die Hard 2,checked,1990-07-02,20.752,"Action,Thriller","Off-duty cop John McClane is gripped with a feeling of déjà vu when, on a snowy Christmas Eve in the nation’s capital, terrorists seize a major international airport, holding thousands of holiday travelers hostage. Renegade military commandos led by a murderous rogue officer plot to rescue a drug lord from justice and are prepared for every contingency except one: McClane’s smart-mouthed heroics.",,,https://image.tmdb.org/t/p/original//ybki0UWO3OPhaM6MSniuKC7sy1R.jpg,1573,,
99,Back to the Future Part III,checked,1990-05-25,20.321,"Adventure,Comedy,Science Fiction","The final installment of the Back to the Future trilogy finds Marty digging the trusty DeLorean out of a mineshaft and looking for Doc in the Wild West of 1885. But when their time machine breaks down, the travelers are stranded in a land of spurs. More problems arise when Doc falls for pretty schoolteacher Clara Clayton, and Marty tangles with Buford Tannen.",,,https://image.tmdb.org/t/p/original//crzoVQnMzIrRfHtQw0tLBirNfVg.jpg,196,,
100,Rocky V,checked,1990-11-16,20.031,Drama,"A lifetime of taking shots has ended Rocky’s career, and a crooked accountant has left him broke. Inspired by the memory of his trainer, however, Rocky finds glory in training and takes on an up-and-coming boxer.",,,https://image.tmdb.org/t/p/original//cGbQZyTvivmC6UhmoSB1OBoLY3B.jpg,1375,,
101,Days of Thunder,checked,1990-06-27,19.464,"Adventure,Action,Romance,Drama","Talented but unproven stock car driver Cole Trickle gets a break and with the guidance of veteran Harry Hogge turns heads on the track. The young hotshot develops a rivalry with a fellow racer that threatens his career when the two smash their cars. But with the help of his doctor, Cole just might overcome his injuries-- and his fear.",,,https://image.tmdb.org/t/p/original//2xfP227oLToQjBCUg3FI18pWh3G.jpg,2119,,
102,RoboCop 2,checked,1990-06-22,19.18,"Action,Adventure,Crime,Science Fiction,Thriller","After a successful deployment of the Robocop Law Enforcement unit, OCP sees its goal of urban pacification come closer and closer, but as this develops, a new narcotic known as ""Nuke"" invades the streets led by God-delirious leader Cane. As this menace grows, it may prove to be too much for Murphy to handle. OCP tries to replicate the success of the first unit, but ends up with failed prototypes with suicidal issues... until Dr. Faxx, a scientist straying away from OCP's path, uses Cane as the new subject for the Robocop 2 project, a living God.",,,https://image.tmdb.org/t/p/original//uL3Ab6SOcN35ZTF2XrE1NzFwXdl.jpg,5549,,
103,Predator 2,checked,1990-11-20,18.221,"Science Fiction,Action,Thriller","Ten years after a band of mercenaries first battled a vicious alien, the invisible creature from another world has returned to Earth—and this time, it’s drawn to the gang-ruled and ravaged city of Los Angeles. When it starts murdering drug dealers, detective-lieutenant Mike Harrigan and his police force set out to capture the creature, ignoring warnings from a mysterious government agent to stay away.",,,https://image.tmdb.org/t/p/original//5pyec72NDzO5SjriS2zEZ9SF9hf.jpg,169,,
104,Dances with Wolves,checked,1990-03-30,18.029,"Adventure,Drama,Western","Wounded Civil War soldier, John Dunbar tries to commit suicide—and becomes a hero instead. As a reward, he's assigned to his dream post, a remote junction on the Western frontier, and soon makes unlikely friends with the local Sioux tribe.",,,https://image.tmdb.org/t/p/original//cvaBVpS0GzKqBd63pFT8f1E8OKv.jpg,581,,
105,Tremors,checked,1990-01-19,17.748,"Action,Horror","Hick handymen Val McKee and Earl Bassett can barely eke out a living in the Nevada hamlet of Perfection, so they decide to leave town -- despite an admonition from a shapely seismology coed who's picking up odd readings on her equipment. Before long, Val and Earl discover what's responsible for those readings: 30-foot-long carnivorous worms with a proclivity for sucking their prey underground.",,,https://image.tmdb.org/t/p/original//cA4ggkZ3r1d5r9hOAUWC8x5ul2i.jpg,9362,,
106,Dick Tracy,checked,1990-04-05,16.692,"Action,Adventure,Comedy,Crime,Thriller",The comic strip detective finds his life vastly complicated when Breathless Mahoney makes advances towards him while he is trying to battle Big Boy Caprice's united mob.,,,https://image.tmdb.org/t/p/original//xY6D5Ti44xuwzCkmf6Ygbj86BkP.jpg,8592,,
107,Ghost,checked,1990-07-12,16.258,"Drama,Fantasy,Mystery,Thriller,Romance","Sam Wheat is a banker, Molly Jensen is an artist, and the two are madly in love. However, when Sam is murdered by his friend and corrupt business partner Carl Bruner over a shady business deal, he is left to roam the earth as a powerless spirit. When he learns of Carl's betrayal, Sam must seek the help of psychic Oda Mae Brown to set things right and protect Molly from Carl and his goons.",,,https://image.tmdb.org/t/p/original//w9RaPHov8oM5cnzeE27isnFMsvS.jpg,251,,
108,Terminator 2: Judgment Day,checked,1991-07-03,46.829,"Action,Science Fiction,Thriller","Nearly 10 years have passed since Sarah Connor was targeted for termination by a cyborg from the future. Now her son, John, the future leader of the resistance, is the target for a newer, more deadly terminator. Once again, the resistance has managed to send a protector back to attempt to save John and his mother Sarah.",,,https://image.tmdb.org/t/p/original//1lB6KF7CDdaxykXdsd0y6ISNiOs.jpg,280,,
109,Beauty and the Beast,checked,1991-11-13,33.733,"Animation,Fantasy,Romance,Family","Follow the adventures of Belle, a bright young woman who finds herself in the castle of a prince who's been turned into a mysterious beast. With the help of the castle's enchanted staff, Belle soon learns the most important lesson of all -- that true beauty comes from within.",,,https://image.tmdb.org/t/p/original//jfSq96XzABA2BxvZgIBHyf5Wzrv.jpg,10020,,
110,The Addams Family,checked,1991-11-22,23.131,"Comedy,Fantasy","When an evil doctor finds out Uncle Fester has been missing for 25 years, he introduces a fake Fester in an attempt to get the Addams family's money. Wednesday has some doubts about the new uncle Fester, but the fake uncle adapts very well to the strange family.",,,https://image.tmdb.org/t/p/original//qFf8anju5f2epI0my8RdwwIXFIP.jpg,2907,,
111,Double Impact,checked,1991-07-31,20.34,"Action,Crime,Drama,Thriller","Jean Claude Van Damme plays a dual role as Alex and Chad, twins separated at the death of their parents. Chad is raised by a family retainer in Paris, Alex becomes a petty crook in Hong Kong. Seeing a picture of Alex, Chad rejoins him and convinces him that his rival in Hong Kong is also the man who killed their parents. Alex is suspicious of Chad, especially when it comes to his girlfriend.",,,https://image.tmdb.org/t/p/original//tmzwvSqoMC37Tgqwj4mA2dHNSmw.jpg,9594,,
112,JFK,checked,1991-12-20,19.441,"Drama,History,Thriller","This acclaimed Oliver Stone drama presents the investigation into the assassination of President John F. Kennedy led by New Orleans district attorney Jim Garrison. When Garrison begins to doubt conventional thinking on the murder, he faces government resistance, and, after the killing of suspected assassin Lee Harvey Oswald, he closes the case. Later, however, Garrison reopens the investigation, finding evidence of an extensive conspiracy behind Kennedy's death.",,,https://image.tmdb.org/t/p/original//r0VWVTYlqdRCK5ZoOdNnHdqM2gt.jpg,820,,
113,Robin Hood: Prince of Thieves,checked,1991-06-14,18.295,"Adventure,Romance","When the dastardly Sheriff of Nottingham murders Robin's father, the legendary archer vows vengeance. To accomplish his mission, Robin joins forces with a band of exiled villagers (and comely Maid Marian), and together they battle to end the evil sheriff's reign of terror.",,,https://image.tmdb.org/t/p/original//hbRnWUNJkKKVN5mkcuC5ooqjE4e.jpg,8367,,
114,Point Break,checked,1991-01-31,18.284,"Action,Crime,Thriller","In Los Angeles, a gang of bank robbers call themselves The Ex-Presidents commit their crimes while wearing masks of Reagan, Carter, Nixon and Johnson. The F.B.I. believes that the members of the gang could be surfers and send young agent Johnny Utah undercover at the beach to mix with the surfers and gather information.",,,https://image.tmdb.org/t/p/original//eGSfqknufcsXmM2Rb59H9SiNd4T.jpg,1089,,
115,The Last Boy Scout,checked,1991-12-11,17.313,"Action,Thriller","When the girl that detective Joe Hallenback is protecting gets murdered, the boyfriend of the murdered girl attempts to investigate and solve the case. What they discover is that there is deep seated corruption going on between a crooked politician and the owner of a pro football team.",,,https://image.tmdb.org/t/p/original//hAejapki8nDEHsdsoffsxETQpjZ.jpg,9319,,
116,Bill & Ted's Bogus Journey,checked,1991-07-19,17.225,"Adventure,Comedy,Fantasy,Music,Science Fiction","Amiable slackers Bill and Ted are once again roped into a fantastical adventure when De Nomolos, a villain from the future, sends evil robot duplicates of the two lads to terminate and replace them. The robot doubles actually succeed in killing Bill and Ted, but the two are determined to escape the afterlife, challenging the Grim Reaper to a series of games in order to return to the land of the living.",,,https://image.tmdb.org/t/p/original//tldtDfLnPFOtTWp758EmIP2Hbz5.jpg,1649,,
117,Teenage Mutant Ninja Turtles II: The Secret of the Ooze,checked,1991-03-22,17.182,"Science Fiction,Adventure,Action,Comedy,Family","The Turtles and the Shredder battle once again, this time for the last cannister of the ooze that created the Turtles, which Shredder wants to create an army of new mutants.",,,https://image.tmdb.org/t/p/original//Hyvvz9Z3le1is8a0EeFJQm0aSC.jpg,1497,,
118,The Naked Gun 2½: The Smell of Fear,checked,1991-06-28,16.909,"Comedy,Crime","Bumbling cop Frank Drebin is out to foil the big boys in the energy industry, who intend to suppress technology that will put them out of business.",,,https://image.tmdb.org/t/p/original//v9niLQWVzVPB1cP1ThNdEaLZG1Q.jpg,37137,,
119,Hook,checked,1991-04-10,16.561,"Adventure,Comedy,Fantasy,Family","The boy who wasn't supposed grow up—Peter Pan—does just that, becoming a soulless corporate lawyer whose workaholism could cost him his wife and kids. During his trip to see Granny Wendy in London, the vengeful Capt. Hook kidnaps Peter's kids and forces Peter to return to Neverland.",,,https://image.tmdb.org/t/p/original//a6rB1lGXoGms7gWxRfJneQmAjNV.jpg,879,,
120,Hot Shots!,checked,1991-07-31,16.461,"Action,Comedy,War","Recruited to join a top-secret mission for the Air Force, a renegade pilot finds himself coping with an incompetent admiral and a carefully selected squadron of flyers who are either inept or half-blind.",,,https://image.tmdb.org/t/p/original//2e9g8SEXBmFysLKJZOb64ecWVTq.jpg,9595,,
121,Thelma & Louise,checked,1991-05-24,15.915,"Adventure,Crime,Drama,Thriller","Whilst on a short weekend getaway, Louise shoots a man who had tried to rape Thelma. Due to the incriminating circumstances, they make a run for it and thus a cross country chase ensues for the two fugitives. Along the way, both women rediscover the strength of their friendship and surprising aspects of their personalities and self-strengths in the trying times.",,,https://image.tmdb.org/t/p/original//cQaqpwN5Nq0GNNKE1hIgYLpLlca.jpg,1541,,
122,Backdraft,checked,1991-05-24,15.46,"Crime,Drama,Thriller",Firemen brothers Brian and Stephen McCaffrey battle each other over past slights while trying to stop an arsonist with a diabolical agenda from torching Chicago.,,,https://image.tmdb.org/t/p/original//bymJtYNIdiAiBR1LRetaJXbfryc.jpg,2924,,
123,Aladdin,checked,1992-11-25,31.431,"Adventure,Animation,Fantasy,Romance,Family","Princess Jasmine grows tired of being forced to remain in the palace, so she sneaks out into the marketplace, in disguise, where she meets street-urchin Aladdin.  The couple falls in love, although Jasmine may only marry a prince.  After being thrown in jail, Aladdin becomes embroiled in a plot to find a mysterious lamp, with which the evil Jafar hopes to rule the land.",,,https://image.tmdb.org/t/p/original//jMQdkZwXh8TLsJev8cT0pKeTwrj.jpg,812,,
124,Reservoir Dogs,checked,1992-09-02,31.194,"Crime,Thriller","A botched robbery indicates a police informant, and the pressure mounts in the aftermath at a warehouse. Crime begets violence as the survivors -- veteran Mr. White, newcomer Mr. Orange, psychopathic parolee Mr. Blonde, bickering weasel Mr. Pink and Nice Guy Eddie -- unravel.",,,https://image.tmdb.org/t/p/original//g7spS2Y4SZoQoC6Hn7zoqEqdYqR.jpg,500,,
125,Batman Returns,checked,1992-06-19,23.323,"Action,Fantasy","Having defeated the Joker, Batman now faces the Penguin—a warped and deformed individual who is intent on being accepted into Gotham society, with the help of Max Schreck, a crooked businessman, whom he coerces into helping him run for the position of Mayor of Gotham, while they both attempt to frame Batman in a different light. Batman must attempt to clear his name, all while also deciding just what must be done with the mysterious Catwoman slinking about.",,,https://image.tmdb.org/t/p/original//jKBjeXM7iBBV9UkUcOXx3m7FSHY.jpg,364,,
126,Home Alone 2: Lost in New York,checked,1992-11-19,22.229,"Adventure,Comedy,Crime,Family","Instead of flying to Florida with his folks, Kevin ends up alone in New York, where he gets a hotel room with his dad's credit card—despite problems from a clerk and meddling bellboy. But when Kevin runs into his old nemeses, the Wet Bandits, he's determined to foil their plans to rob a toy store on Christmas eve.",,,https://image.tmdb.org/t/p/original//uuitWHpJwxD1wruFl2nZHIb4UGN.jpg,772,,
127,The Bodyguard,checked,1992-11-25,21.806,"Action,Drama,Music,Thriller,Romance","A former Secret Service agent grudgingly takes an assignment to protect a pop idol who's threatened by a crazed fan. At first, the safety-obsessed bodyguard and the self-indulgent diva totally clash. But before long, all that tension sparks fireworks of another sort, and the love-averse tough guy is torn between duty and romance.",,,https://image.tmdb.org/t/p/original//2VgZW2ZD3pNoV2j8U2GXNRwOsk9.jpg,619,,
128,Basic Instinct,checked,1992-03-20,21.013,"Mystery,Thriller","A police detective is in charge of the investigation of a brutal murder, in which a beautiful and seductive woman could be involved.",,,https://image.tmdb.org/t/p/original//76Ts0yoHk8kVQj9MMnoMixhRWoh.jpg,402,,
129,Lethal Weapon 3,checked,1992-05-15,18.812,"Action,Adventure,Comedy,Crime,Thriller","Archetypal buddy cops Riggs and Murtaugh are back for another round of high-stakes action, this time setting their collective sights on bringing down a former Los Angeles police lieutenant turned black market weapons dealer. Lorna Cole joins as the beautiful yet hardnosed internal affairs sergeant who catches Riggs's eye.",,,https://image.tmdb.org/t/p/original//1UkG3G4jhM9XMbbYyqWQ7NUnUTT.jpg,943,,
130,Under Siege,checked,1992-10-08,18.346,"Action,Thriller","This action-packed thriller takes place on the soon-to-be-decommissioned USS Missouri. Disgruntled ex-CIA operative Strannix, his assistant Krill and their group of terrorists seize the battleship with nuclear blackmail in mind. They've planned for every contingency but ignore the ship's cook, former Navy SEAL Casey Ryback -- an error that could be fatal.",,,https://image.tmdb.org/t/p/original//myHxm9p8fhEsXyaLO6DawYJKolg.jpg,8845,,
131,Alien³,checked,1992-05-22,18.102,"Action,Horror,Science Fiction","After escaping with Newt and Hicks from the alien planet, Ripley crash lands on Fiorina 161, a prison planet and host to a correctional facility. Unfortunately, although Newt and Hicks do not survive the crash, a more unwelcome visitor does. The prison does not allow weapons of any kind, and with aid being a long time away, the prisoners must simply survive in any way they can.",,,https://image.tmdb.org/t/p/original//hlabk6APJUeihZDaSD9N6iI0f4g.jpg,8077,,
132,Dracula,checked,1992-11-13,17.393,"Horror,Romance","When Dracula leaves the captive Jonathan Harker and Transylvania for London in search of Mina Harker, the reincarnation of Dracula's long-dead wife Elisabeta, obsessed vampire hunter Dr. Van Helsing sets out to end the madness.",,,https://image.tmdb.org/t/p/original//n39glC4GkBeCbwdenES8ZBodim8.jpg,6114,,
133,The Last of the Mohicans,checked,1992-09-25,17.236,"Action,Adventure,Drama,History,Romance,War","As the British and French soldiers battle for control of the American colonies in the 18th century, the settlers and native Americans are forced to take sides. Cora and her sister Alice unwittingly walk into trouble but are reluctantly saved by Hawkeye, an orphaned settler adopted by the last of the Mohicans.",,,https://image.tmdb.org/t/p/original//fYVQRcgnOv998bKEplzrD3faGgt.jpg,9361,,
134,Wayne's World,checked,1992-02-14,16.85,"Music,Comedy","When a sleazy TV exec offers Wayne and Garth a fat contract to tape their late-night public access show at his network, they can't believe their good fortune. But they soon discover the road from basement to big-time is a gnarly one, fraught with danger, temptation and ragin' party opportunities.",,,https://image.tmdb.org/t/p/original//rsgklbt5KxeuUuchehnLACxzisP.jpg,8872,,
135,Sister Act,checked,1992-05-28,16.362,"Music,Comedy","A Reno singer witnesses a mob murder and the cops stash her in a nunnery to protect her from the mob's hitmen. The mother superior does not trust her, and takes steps to limit her influence on the other nuns. Eventually the singer rescues the failing choir and begins helping with community projects, which gets her an interview on TV—and identification by the mob.",,,https://image.tmdb.org/t/p/original//xZvVSZ0RTxIjblLV87vs7ADM12m.jpg,2005,,
136,Schindler's List,checked,1993-11-30,37.927,"Drama,History,War",The true story of how businessman Oskar Schindler saved over a thousand Jewish lives from the Nazis while they worked as slaves in his factory during World War II.,,,https://image.tmdb.org/t/p/original//c8Ass7acuOe4za6DhSattE359gr.jpg,424,,
137,Rising Sun,checked,1993-07-30,25.256,"Action,Drama,Thriller","When a prostitute is found dead in a Los Angeles skyscraper occupied by a large Japanese corporation, detectives John Conner and Web Smith are called in to investigate. Although Conner has previous experience working in Japan, cultural differences make their progress difficult until a security disc showing the murder turns up. Close scrutiny proves the disc has been doctored, and the detectives realize they're dealing with a cover-up as well.",,,https://image.tmdb.org/t/p/original//jVWEeZ383peKxwE284AdyHqq6GH.jpg,7007,,
138,Groundhog Day,checked,1993-02-11,22.435,"Comedy,Drama,Fantasy,Romance","A narcissistic T.V. weatherman, along with his attractive-but-distant producer and mawkish cameraman, is sent to report on Groundhog Day in the small town of Punxsutawney, where he finds himself repeating the same day over and over.",,,https://image.tmdb.org/t/p/original//gCgt1WARPZaXnq523ySQEUKinCs.jpg,137,,
139,Jurassic Park,checked,1993-06-11,21.07,"Adventure,Science Fiction","A wealthy entrepreneur secretly creates a theme park featuring living dinosaurs drawn from prehistoric DNA. Before opening day, he invites a team of experts and his two eager grandchildren to experience the park and help calm anxious investors. However, the park is anything but amusing as the security systems go off-line and the dinosaurs escape.",,,https://image.tmdb.org/t/p/original//9i3plLl89DHMz7mahksDaAo7HIS.jpg,329,,
140,What's Eating Gilbert Grape,checked,1993-12-17,21.04,"Drama,Romance","Gilbert Grape is a small-town young man with a lot of responsibility. Chief among his concerns are his mother, who is so overweight that she can't leave the house, and his mentally impaired younger brother, Arnie, who has a knack for finding trouble. Settled into a job at a grocery store and an ongoing affair with local woman Betty Carver, Gilbert finally has his life shaken up by the free-spirited Becky.",,,https://image.tmdb.org/t/p/original//8FxWgsfDNosewo7H65oE4QkOb7g.jpg,1587,,
141,Cliffhanger,checked,1993-05-28,20.4,"Action,Adventure,Thriller","A year after losing his friend in a tragic 4,000-foot fall, former ranger Gabe Walker and his partner, Hal, are called to return to the same peak to rescue a group of stranded climbers, only to learn the climbers are actually thieving hijackers who are looking for boxes full of money.",,,https://image.tmdb.org/t/p/original//b28DOM54OHb1c7Lsk6Nu7Kwuonj.jpg,9350,,
142,Mrs. Doubtfire,checked,1993-11-24,18.163,"Comedy,Drama,Family","Loving but irresponsible dad Daniel Hillard, estranged from his exasperated spouse, is crushed by a court order allowing only weekly visits with his kids. When Daniel learns his ex needs a housekeeper, he gets the job -- disguised as an English nanny. Soon he becomes not only his children's best pal but the kind of parent he should have been from the start.",,,https://image.tmdb.org/t/p/original//yBhFkRY8NsAgYFgfKLClxCwykaE.jpg,788,,
143,RoboCop 3,checked,1993-04-17,17.687,"Action,Adventure,Crime,Science Fiction,Thriller","The mega corporation Omni Consumer Products is still bent on creating their pet project, Delta City, to replace the rotting city of Detroit. Unfortunately, the inhabitants of the area have no intention of abandoning their homes simply for desires of the company. To this end, OCP have decided to force them to leave by employing a ruthless mercenary army to attack and harass them. An underground resistance begins and in this fight, Robocop must decide where his loyalties lie.",,,https://image.tmdb.org/t/p/original//qiado0k3alMfeRpOld27Iefumub.jpg,5550,,
144,Hard Target,checked,1993-08-20,17.609,"Action,Adventure,Crime,Drama,Thriller","When a woman's father goes missing, she enlists a local to aid in her search.  The pair soon discover that her father has died at the hands of a wealthy sportsman who hunts homeless men as a form of recreation.",,,https://image.tmdb.org/t/p/original//x9HfOKWAB506jJVWo0z848SKDML.jpg,2019,,
145,Sister Act 2: Back in the Habit,checked,1993-12-09,16.296,"Music,Comedy","Deloris Van Cartier is again asked to don the nun's habit to help a run-down Catholic school, presided over by Mother Superior. And if trying to reach out to a class full of uninterested students wasn't bad enough, the sisters discover that the school is due to be closed by the unscrupulous chief of a local authority.",,,https://image.tmdb.org/t/p/original//dlkBp5S6Ei5f54031rAhyb4IwML.jpg,6279,,
146,The Shawshank Redemption,checked,1994-09-23,58.694,"Crime,Drama","Framed in the 1940s for the double murder of his wife and her lover, upstanding banker Andy Dufresne begins a new life at the Shawshank prison, where he puts his accounting skills to work for an amoral warden. During his long stretch in prison, Dufresne comes to be admired by the other inmates -- including an older prisoner named Red -- for his integrity and unquenchable sense of hope.",,,https://image.tmdb.org/t/p/original//5KCVkau1HEl7ZzfPsKAPM0sMiKc.jpg,278,,
147,Pulp Fiction,checked,1994-09-10,46.587,"Crime,Thriller","A burger-loving hit man, his philosophical partner, a drug-addled gangster's moll and a washed-up boxer converge in this sprawling, comedic crime caper. Their adventures unfurl in three stories that ingeniously trip back and forth in time.",,,https://image.tmdb.org/t/p/original//d5iIlFn5s0ImszYzBPb8JPIfbXD.jpg,680,,
148,The Lion King,checked,1994-05-07,46.483,"Animation,Drama,Family","A young lion prince is cast out of his pride by his cruel uncle, who claims he killed his father. While the uncle rules with an iron paw, the prince grows up beyond the Savannah, living by a philosophy: No worries for the rest of your days. But when his past comes to haunt him, the young prince must decide his fate: Will he remain an outcast or face his demons and become what he needs to be?",,,https://image.tmdb.org/t/p/original//sKCr78MXSLixwmZ8DyJLrpMsd15.jpg,8587,,
149,Léon: The Professional,checked,1994-09-14,44.601,"Action,Crime,Drama","Léon, the top hit man in New York, has earned a rep as an effective ""cleaner"". But when his next-door neighbors are wiped out by a loose-cannon DEA agent, he becomes the unwilling custodian of 12-year-old Mathilda. Before long, Mathilda's thoughts turn to revenge, and she considers following in Léon's footsteps.",,,https://image.tmdb.org/t/p/original//wHqGb8J6tXBVwjqWooGMtNEjs2A.jpg,101,,
150,The Mask,checked,1994-07-29,30.111,"Comedy,Crime,Fantasy,Romance","When timid bank clerk Stanley Ipkiss discovers a magical mask containing the spirit of the Norse god Loki, his entire life changes. While wearing the mask, Ipkiss becomes a supernatural playboy exuding charm and confidence which allows him to catch the eye of local nightclub singer Tina Carlyle. Unfortunately, under the mask's influence, Ipkiss also robs a bank, which angers junior crime lord Dorian Tyrell, whose goons get blamed for the heist.",,,https://image.tmdb.org/t/p/original//yd3wjLLeQHJ3oRDy4wwiNNFVyLW.jpg,854,,
151,Forrest Gump,checked,1994-07-06,26.959,"Comedy,Drama,Romance","A man with a low IQ has accomplished great things in his life and been present during significant historic events—in each case, far exceeding what anyone imagined he could do. But despite all he has achieved, his one true love eludes him.",,,https://image.tmdb.org/t/p/original//clolk7rB5lAjs41SD0Vt6IXYLMm.jpg,13,,
152,Interview with the Vampire,checked,1994-11-11,26.938,"Drama,Fantasy,Horror","A vampire relates his epic life story of love, betrayal, loneliness, and dark hunger to an over-curious reporter.",,,https://image.tmdb.org/t/p/original//t7NU8IcmcNBrlunCxiycX9JV7Rp.jpg,628,,
153,Dumb and Dumber,checked,1994-12-16,22.959,Comedy,"Lloyd and Harry are two men whose stupidity is really indescribable. When Mary, a beautiful woman, loses an important suitcase with money before she leaves for Aspen, the two friends (who have found the suitcase) decide to return it to her. After some ""adventures"" they finally get to Aspen where, using the lost money they live it up and fight for Mary's heart.",,,https://image.tmdb.org/t/p/original//4LdpBXiCyGKkR8FGHgjKlphrfUc.jpg,8467,,
154,The Flintstones,checked,1994-05-26,18.382,"Comedy,Fantasy,Family",Modern Stone Age family the Flintstones hit the big screen in this live-action version of the classic cartoon. Fred helps Barney adopt a child. Barney sees an opportunity to repay him when Slate Mining tests its employees to find a new executive. But no good deed goes unpunished.,,,https://image.tmdb.org/t/p/original//ocsb0qiGlcn6UlcDRHa3xxSCc8Y.jpg,888,,
155,True Lies,checked,1994-07-15,18.167,"Action,Thriller","A fearless, globe-trotting, terrorist-battling secret agent has his life turned upside down when he discovers his wife might be having an affair with a used car salesman while terrorists smuggle nuclear war heads into the United States.",,,https://image.tmdb.org/t/p/original//8cusvjQ8Ph7SPwW3CGvyjSCk9VP.jpg,36955,,
156,Junior,checked,1994-11-22,18.058,"Comedy,Romance,Family","As part of a fertility research project, a male scientist agrees to carry a pregnancy in his own body.",,,https://image.tmdb.org/t/p/original//kWm9N2795QEeFJ4Xvbjlwa7hS1l.jpg,6280,,
157,Speed,checked,1994-06-09,17.612,"Action,Adventure,Crime","Los Angeles SWAT cop Jack Traven is up against bomb expert Howard Payne, who's after major ransom money. First it's a rigged elevator in a very tall building. Then it's a rigged bus--if it slows, it will blow, bad enough any day, but a nightmare in LA traffic. And that's still not the end.",,,https://image.tmdb.org/t/p/original//Apu3Ecg11bIEEiKLnbhagGtWNg7.jpg,1637,,
158,Stargate,checked,1994-10-27,16.833,"Action,Adventure,Science Fiction","An interstellar teleportation device, found in Egypt, leads to a planet with humans resembling ancient Egyptians who worship the god Ra.",,,https://image.tmdb.org/t/p/original//fyTqTETiXncfESLyKfkgEs7qg7d.jpg,2164,,
159,Natural Born Killers,checked,1994-08-25,16.552,"Crime,Thriller,Drama",Two victims of traumatized childhoods become lovers and psychopathic serial murderers irresponsibly glorified by the mass media.,,,https://image.tmdb.org/t/p/original//1YATliAgjKOo9SvGWVwS3PujUFd.jpg,241,,
160,Se7en,checked,1995-09-22,55.194,"Crime,Mystery,Thriller","Two homicide detectives are on a desperate hunt for a serial killer whose crimes are based on the ""seven deadly sins"" in this dark and haunting film that takes viewers from the tortured remains of one victim to the next. The seasoned Det. Sommerset researches each sin in an effort to get inside the killer's mind, while his novice partner, Mills, scoffs at his efforts to unravel the case.",,,https://image.tmdb.org/t/p/original//GQP6noTBKsYiAYyn8PYXFcsSgH.jpg,807,,
161,Waterworld,checked,1995-07-28,31.717,"Action,Adventure,Science Fiction","In a futuristic world where the polar ice caps have melted and made Earth a liquid planet, a beautiful barmaid rescues a mutant seafarer from a floating island prison. They escape, along with her young charge, Enola, and sail off aboard his ship.",,,https://image.tmdb.org/t/p/original//f4Q6BKm1lv9u5xoffbIIwrOYf6z.jpg,9804,,
162,Twelve Monkeys,checked,1995-12-29,30.777,"Mystery,Science Fiction,Thriller","In the year 2035, convict James Cole reluctantly volunteers to be sent back in time to discover the origin of a deadly virus that wiped out nearly all of the earth's population and forced the survivors into underground communities. But when Cole is mistakenly sent to 1990 instead of 1996, he's arrested and locked up in a mental hospital. There he meets psychiatrist Dr. Kathryn Railly, and patient Jeffrey Goines, the son of a famous virus expert, who may hold the key to the mysterious rogue group, the Army of the 12 Monkeys, thought to be responsible for unleashing the killer disease.",,,https://image.tmdb.org/t/p/original//2F9KcDGZbEdaQN5jV9ziyRZYY7u.jpg,63,,
163,Toy Story,checked,1995-10-30,29.154,"Animation,Comedy,Family","Led by Woody, Andy's toys live happily in his room until Andy's birthday brings Buzz Lightyear onto the scene. Afraid of losing his place in Andy's heart, Woody plots against Buzz. But when circumstances separate Buzz and Woody from their owner, the duo eventually learns to put aside their differences.",,,https://image.tmdb.org/t/p/original//uXDfjJbdP4ijW5hWSBrPrlKpxab.jpg,862,,
164,Die Hard: With a Vengeance,checked,1995-05-19,28.808,"Action,Thriller","New York detective John McClane is back and kicking bad-guy butt in the third installment of this action-packed series, which finds him teaming with civilian Zeus Carver to prevent the loss of innocent lives. McClane thought he'd seen it all, until a genius named Simon engages McClane, his new ""partner"" -- and his beloved city -- in a deadly game that demands their concentration.",,,https://image.tmdb.org/t/p/original//7mBUd8Y6AhcdICaMnSV8UPtF8rc.jpg,1572,,
165,The Usual Suspects,checked,1995-07-19,28.273,"Crime,Drama,Thriller","Held in an L.A. interrogation room, Verbal Kint attempts to convince the feds that a mythic crime lord, Keyser Soze, not only exists, but was also responsible for drawing him and his four partners into a multi-million dollar heist that ended with an explosion in San Pedro harbor – leaving few survivors. Verbal lures his interrogators with an incredible story of the crime lord's almost supernatural prowess.",,,https://image.tmdb.org/t/p/original//d2IalvQ6eaEAsLVTFUEHf6roHEk.jpg,629,,
166,Apollo 13,checked,1995-06-30,24.521,"Drama,History","The true story of technical troubles that scuttle the Apollo 13 lunar mission in 1970, risking the lives of astronaut Jim Lovell and his crew, with the failed journey turning into a thrilling saga of heroism. Drifting more than 200,000 miles from Earth, the astronauts work furiously with the ground crew to avert tragedy.",,,https://image.tmdb.org/t/p/original//oYUZHYMwNKnE1ef4WE5Hw2a9OAY.jpg,568,,
167,Heat,checked,1995-12-15,24.439,"Action,Crime,Drama,Thriller","Obsessive master thief, Neil McCauley leads a top-notch crew on various daring heists throughout Los Angeles while determined detective, Vincent Hanna pursues him without rest. Each man recognizes and respects the ability and the dedication of the other even though they are aware their cat-and-mouse game may end in violence.",,,https://image.tmdb.org/t/p/original//rrBuGu0Pjq7Y2BWSI6teGfZzviY.jpg,949,,
168,Ghost in the Shell,checked,1995-11-18,23.479,"Action,Animation,Science Fiction","In the year 2029, the barriers of our world have been broken down by the net and by cybernetics, but this brings new vulnerability to humans in the form of brain-hacking. When a highly-wanted hacker known as 'The Puppetmaster' begins involving them in politics, Section 9, a group of cybernetically enhanced cops, are called in to investigate and stop the Puppetmaster.",,,https://image.tmdb.org/t/p/original//9gC88zYUBARRSThcG93MvW14sqx.jpg,9323,,
169,GoldenEye,checked,1995-11-16,22.988,"Action,Adventure,Thriller","When a powerful satellite system falls into the hands of Alec Trevelyan, AKA Agent 006, a former ally-turned-enemy, only James Bond can save the world from an awesome space weapon that -- in one short pulse -- could destroy the earth! As Bond squares off against his former compatriot, he also battles Trevelyan's stunning ally, Xenia Onatopp, an assassin who uses pleasure as her ultimate weapon.",,,https://image.tmdb.org/t/p/original//z0ljRnNxIO7CRBhLEO0DvLgAFPR.jpg,710,,
170,Braveheart,checked,1995-05-24,22.826,"Action,Drama,History,War","Enraged at the slaughter of Murron, his new bride and childhood love, Scottish warrior William Wallace slays a platoon of the local English lord's soldiers. This leads the village to revolt and, eventually, the entire country to rise up against English rule.",,,https://image.tmdb.org/t/p/original//or1gBugydmjToAEq7OZY0owwFk.jpg,197,,
171,Species,checked,1995-07-07,21.482,"Action,Horror,Science Fiction","In 1993, the Search for Extra Terrestrial Intelligence Project receives a transmission detailing an alien DNA structure, along with instructions on how to splice it with human DNA. The result is Sil, a sensual but deadly creature who can change from a beautiful woman to an armour-plated killing machine in the blink of an eye.",,,https://image.tmdb.org/t/p/original//lqBHtH33wD3tmg1efL4ytDNEZGP.jpg,9348,,
172,Clueless,checked,1995-07-19,21.268,"Comedy,Romance","Shallow, rich and socially successful Cher is at the top of her Beverly Hills high school's pecking scale. Seeing herself as a matchmaker, Cher first coaxes two teachers into dating each other. Emboldened by her success, she decides to give hopelessly klutzy new student Tai a makeover. When Tai becomes more popular than she is, Cher realizes that her disapproving ex-stepbrother was right about how misguided she was -- and falls for him.",,,https://image.tmdb.org/t/p/original//71RW4lkES2Dt7vSLSXvekGYNskG.jpg,9603,,
173,Outbreak,checked,1995-03-10,20.563,"Action,Drama,Science Fiction,Thriller","A deadly airborne virus finds its way into the USA and starts killing off people at an epidemic rate. Col Sam Daniels' job is to stop the virus spreading from a small town, which must be quarantined, and to prevent an over reaction by the White House.",,,https://image.tmdb.org/t/p/original//4KymNvlWR0XF0sqX2BWRd9Z3yXR.jpg,6950,,
174,Casper,checked,1995-05-26,20.326,"Fantasy,Comedy,Family","Furious that her late father only willed her his gloomy-looking mansion rather than his millions, Carrigan Crittenden is ready to burn the place to the ground when she discovers a map to a treasure hidden in the house. But when she enters the rickety mansion to seek her claim, she is frightened away by a wicked wave of ghosts. Determined to get her hands on this hidden fortune, she hires afterlife therapist Dr. James Harvey to exorcise the ghosts from the mansion. Harvey and his daughter Kat move in, and soon Kat meets Casper, the ghost of a young boy who's ""the friendliest ghost you know."" But not so friendly are Casper's uncles--Stretch, Fatso and Stinkie--who are determined to drive all ""fleshies"" away.",,,https://image.tmdb.org/t/p/original//2ah8fNJFZVU3vcXhU5xfAYi2eym.jpg,8839,,
175,Batman Forever,checked,1995-06-16,20.168,"Action,Crime,Fantasy","The Dark Knight of Gotham City confronts a dastardly duo: Two-Face and the Riddler. Formerly District Attorney Harvey Dent, Two-Face believes Batman caused the courtroom accident which left him disfigured on one side. And Edward Nygma, computer-genius and former employee of millionaire Bruce Wayne, is out to get the philanthropist; as The Riddler. Former circus acrobat Dick Grayson, his family killed by Two-Face, becomes Wayne's ward and Batman's new partner Robin.",,,https://image.tmdb.org/t/p/original//k6EQ2OewzjF8TcPgok9wxpPAgXW.jpg,414,,
176,Casino,checked,1995-11-22,19.316,Crime,"In early-1970s Las Vegas, low-level mobster Sam ""Ace"" Rothstein gets tapped by his bosses to head the Tangiers Casino. At first, he's a great success in the job, but over the years, problems with his loose-cannon enforcer Nicky Santoro, his ex-hustler wife Ginger, her con-artist ex Lester Diamond and a handful of corrupt politicians put Sam in ever-increasing danger.",,,https://image.tmdb.org/t/p/original//4TS5O1IP42bY2BvgMxL156EENy.jpg,524,,
177,Mission: Impossible,checked,1996-05-22,31.289,"Adventure,Action,Thriller","When Ethan Hunt, the leader of a crack espionage team whose perilous operation has gone awry with no explanation, discovers that a mole has penetrated the CIA, he's surprised to learn that he's the No. 1 suspect. To clear his name, Hunt now must ferret out the real double agent and, in the process, even the score.",,,https://image.tmdb.org/t/p/original//lirMXnE7NoVLDr3qeqf48fR1mk4.jpg,954,,
178,From Dusk Till Dawn,checked,1996-01-19,28.073,"Horror,Action,Thriller,Crime","Seth Gecko and his younger brother Richard are on the run after a bloody bank robbery in Texas. They escape across the border into Mexico and will be home-free the next morning, when they pay off the local kingpin. They just have to survive 'from dusk till dawn' at the rendezvous point, which turns out to be a Hell of a strip joint.",,,https://image.tmdb.org/t/p/original//sV3kIAmvJ9tPz4Lq5fuf9LLMxte.jpg,755,,
179,Fargo,checked,1996-03-08,25.224,"Crime,Drama,Thriller","Jerry, a small-town Minnesota car salesman is bursting at the seams with debt... but he's got a plan. He's going to hire two thugs to kidnap his wife in a scheme to collect a hefty ransom from his wealthy father-in-law. It's going to be a snap and nobody's going to get hurt... until people start dying. Enter Police Chief Marge, a coffee-drinking, parka-wearing - and extremely pregnant - investigator who'll stop at nothing to get her man. And if you think her small-time investigative skills will give the crooks a run for their ransom... you betcha!",,,https://image.tmdb.org/t/p/original//kKpORM0G7xDvJGQiXpQ0wUp9Dwo.jpg,275,,
180,Trainspotting,checked,1996-02-23,25.041,"Crime,Drama","Heroin addict Mark Renton stumbles through bad ideas and sobriety attempts with his unreliable friends -- Sick Boy, Begbie, Spud and Tommy. He also has an underage girlfriend, Diane, along for the ride. After cleaning up and moving from Edinburgh to London, Mark finds he can't escape the life he left behind when Begbie shows up at his front door on the lam, and a scheming Sick Boy follows.",,,https://image.tmdb.org/t/p/original//6UTzw3kipgTYAJCX8GExoXzcVOx.jpg,627,,
181,Star Trek: First Contact,checked,1996-11-22,23.695,"Action,Adventure,Science Fiction,Thriller","The Borg, a relentless race of cyborgs, are on a direct course for Earth. Violating orders to stay away from the battle, Captain Picard and the crew of the newly-commissioned USS Enterprise E pursue the Borg back in time to prevent the invaders from changing Federation history and assimilating the galaxy.",,,https://image.tmdb.org/t/p/original//Pr5q8qF8sNDd6qcZj0kwLmqO0E.jpg,199,,
182,Independence Day,checked,1996-06-25,21.492,"Action,Adventure,Science Fiction","On July 2, a giant alien mothership enters orbit around Earth and deploys several dozen saucer-shaped 'destroyer' spacecraft that quickly lay waste to major cities around the planet. On July 3, the United States conducts a coordinated counterattack that fails. On July 4, a plan is devised to gain access to the interior of the alien mothership in space, in order to plant a nuclear missile.",,,https://image.tmdb.org/t/p/original//hC5Q0RM2SimPJO963wBexpgeCdD.jpg,602,,
183,Eraser,checked,1996-06-21,20.79,"Action,Drama,Mystery,Thriller","U.S. Marshall John Kruger erases the identities of people enrolled in the Witness Protection Program. His current assignment is to protect Lee Cullen, who's uncovered evidence that the weapons manufacturer she works for has been selling to terrorist groups. When Kruger discovers that there's a corrupt agent within the program, he must guard his own life while trying to protect Lee's.",,,https://image.tmdb.org/t/p/original//uu2gBpFElDfxTI6BI9bT4pZ4kvw.jpg,9268,,
184,The Rock,checked,1996-06-06,19.686,"Action,Adventure,Thriller","FBI chemical warfare expert Stanley Goodspeed is sent on an urgent mission with a former British spy, John Patrick Mason, to stop Gen. Francis X. Hummel from launching chemical weapons on Alcatraz Island into San Francisco. Gen. Hummel demands $100 million in war reparations to be paid to the families of slain servicemen who died on covert operations. After their SEAL team is wiped out, Stanley and John deal with the soldiers on their own.",,,https://image.tmdb.org/t/p/original//c6WuCykIy8GAsitJOTk1DEga1ML.jpg,9802,,
185,Twister,checked,1996-05-10,19.535,"Action,Adventure,Drama","TV weatherman Bill Harding is trying to get his tornado-hunter wife, Jo, to sign divorce papers so he can marry his girlfriend Melissa. But Mother Nature, in the form of a series of intense storms sweeping across Oklahoma, has other plans. Soon the three have joined the team of stormchasers as they attempt to insert a revolutionary measuring device into the very heart of several extremely violent tornados.",,,https://image.tmdb.org/t/p/original//ba6Bg9mxphS24tpSe98vZccEe3S.jpg,664,,
186,Scream,checked,1996-12-20,18.932,"Crime,Horror,Mystery","A killer known as Ghostface begins killing off teenagers, and as the body count begins rising, one girl and her friends find themselves contemplating the 'rules' of horror films as they find themselves living in a real-life one.",,,https://image.tmdb.org/t/p/original//aXAByjBN8UhaYvotqRCwa5MsMGu.jpg,4232,,
187,A Time to Kill,checked,1996-07-24,17.121,"Crime,Drama,Thriller","A young lawyer defends a black man accused of murdering two men who raped his 10-year-old daughter, sparking a rebirth of the KKK.",,,https://image.tmdb.org/t/p/original//apUSR9WE7lMATBGYhzZ8RnPDYsK.jpg,1645,,
188,The Cable Guy,checked,1996-06-10,16.691,"Comedy,Drama,Thriller","When recently single Steven moves into his new apartment, cable guy Chip comes to hook him up—and doesn't let go. Initially, Chip is just overzealous in his desire to be Steven's pal, but when Steven tries to end the 'friendship', Chip shows his dark side. He begins stalking Steven, who's left to fend for himself because no one else can believe Chip's capable of such behaviour.",,,https://image.tmdb.org/t/p/original//5cZySBvy41eHTD5LyQn48aP444k.jpg,9894,,
189,The Fifth Element,checked,1997-05-02,44.48,"Action,Adventure,Fantasy,Science Fiction,Thriller","In 2257, a taxi driver is unintentionally given the task of saving a young girl who is part of the key that will ensure the survival of humanity.",,,https://image.tmdb.org/t/p/original//fPtlCO1yQtnoLHOwKtWz7db6RGU.jpg,18,,
190,Men in Black,checked,1997-07-02,43.334,"Action,Adventure,Comedy,Science Fiction","After a police chase with an otherworldly being, a New York City cop is recruited as an agent in a top-secret organization established to monitor and police alien activity on Earth: the Men in Black. Agent Kay and new recruit Agent Jay find themselves in the middle of a deadly plot by an intergalactic terrorist who has arrived on Earth to assassinate two ambassadors from opposing galaxies.",,,https://image.tmdb.org/t/p/original//uLOmOF5IzWoyrgIF5MfUnh5pa1X.jpg,607,,
191,Titanic,checked,1997-11-18,28.89,"Drama,Romance","101-year-old Rose DeWitt Bukater tells the story of her life aboard the Titanic, 84 years later. A young Rose boards the ship with her mother and fiancé. Meanwhile, Jack Dawson and Fabrizio De Rossi win third-class tickets aboard the ship. Rose tells the whole story from Titanic's departure through to its death—on its first and last voyage—on April 15, 1912.",,,https://image.tmdb.org/t/p/original//9xjZS2rlVxm8SFx8kPC3aIGCOYQ.jpg,597,,
192,L.A. Confidential,checked,1997-09-19,26.388,"Crime,Mystery,Drama,Thriller",Three detectives in the corrupt and brutal L.A. police force of the 1950s use differing methods to uncover a conspiracy behind the shotgun slayings of the patrons at an all-night diner.,,,https://image.tmdb.org/t/p/original//6w1tl5bvnMVc8qenSwqUPFF4MKr.jpg,2118,,
193,Good Will Hunting,checked,1997-12-05,24.516,Drama,"Will Hunting has a genius-level IQ but chooses to work as a janitor at MIT. When he solves a difficult graduate-level math problem, his talents are discovered by Professor Gerald Lambeau, who decides to help the misguided youth reach his potential. When Will is arrested for attacking a police officer, Professor Lambeau makes a deal to get leniency for him if he will get treatment from therapist Sean Maguire.",,,https://image.tmdb.org/t/p/original//bABCBKYBK7A5G1x0FzoeoNfuj2.jpg,489,,
194,The Devil's Advocate,checked,1997-10-17,24.308,"Drama,Mystery,Thriller,Fantasy,Horror",A hotshot lawyer gets more than he bargained for when he learns his new boss is Lucifer himself.,,,https://image.tmdb.org/t/p/original//5ZzBGpxy55OQzHxKVY11IpY6a0o.jpg,1813,,
195,Gattaca,checked,1997-09-07,22.8,"Mystery,Science Fiction,Thriller,Romance","In a future society in the era of indefinite eugenics, humans are set on a life course depending on their DNA. Young Vincent Freeman is born with a condition that would prevent him from space travel, yet is determined to infiltrate the GATTACA space program.",,,https://image.tmdb.org/t/p/original//7jzm9QpoV7XrsNDf8YQEYxOy2AT.jpg,782,,
196,Face/Off,checked,1997-06-27,22.083,"Action,Crime,Science Fiction,Thriller","Obsessed with bringing terrorist Castor Troy to justice, FBI agent Sean Archer tracks down Troy, who has boarded a plane in Los Angeles. After the plane crashes and Troy is severely injured, possibly dead, Archer undergoes surgery to remove his face and replace it with Troy's. As Archer tries to use his disguise to elicit information about a bomb from Troy's brother, Troy awakes from a coma and forces the doctor who performed the surgery to give him Archer's face.",,,https://image.tmdb.org/t/p/original//aYZDYdiMym5xEkSs4BrJMXFdZ9g.jpg,754,,
197,Batman & Robin,checked,1997-06-20,21.816,"Action,Comedy,Fantasy,Science Fiction","Along with crime-fighting partner Robin and new recruit Batgirl, Batman battles the dual threat of frosty genius Mr. Freeze and homicidal horticulturalist Poison Ivy. Freeze plans to put Gotham City on ice, while Ivy tries to drive a wedge between the dynamic duo.",,,https://image.tmdb.org/t/p/original//bsg0mrxUKyJoL4oSGP5mlhEsqp.jpg,415,,
198,Tomorrow Never Dies,checked,1997-12-11,20.983,"Action,Adventure,Thriller",A deranged media mogul is staging international incidents to pit the world's superpowers against each other. Now James Bond must take on this evil mastermind in an adrenaline-charged battle to end his reign of terror and prevent global pandemonium.,,,https://image.tmdb.org/t/p/original//3NJxMEgL2uYvdoC1YEDNdMym1vf.jpg,714,,
199,Bean,checked,1997-07-03,20.69,Comedy,"Childlike Englishman, Mr. Bean, is an incompetent watchman at the Royal National Gallery. After the museum's board of directors' attempt to have him fired is blocked by the chairman, who has taken a liking to Bean, they send him to Los Angeles to act as their ambassador for the unveiling of a historic painting to humiliate him. Fooled, Mr. Bean must now successfully unveil the painting or risk his and a hapless Los Angeles curator's termination.",,,https://image.tmdb.org/t/p/original//3TtE2EpbOoHMyD1IwiHMMGwQVPG.jpg,1281,,
200,Scream 2,checked,1997-12-09,20.367,"Horror,Mystery","Two years after the terrifying events that occurred in Woodsboro, Sidney is now attending Windsor College in Cincinnati, and Gale Weathers' best selling book on Sidney's life has now been made into a major motion picture. When two college students are killed in a theatre while watching the new film 'Stab', Sidney knows deep down that history is repeating itself.",,,https://image.tmdb.org/t/p/original//mumarnp1ZBHFdmt2q6x9ELuC3x0.jpg,4233,,
201,Alien Resurrection,checked,1997-11-12,20.08,"Action,Horror,Science Fiction","Two hundred years after Lt. Ripley died, a group of scientists clone her, hoping to breed the ultimate weapon. But the new Ripley is full of surprises … as are the new aliens. Ripley must team with a band of smugglers to keep the creatures from reaching Earth.",,,https://image.tmdb.org/t/p/original//pMkAdCcq6brohqZisziZQg5i3Q5.jpg,8078,,
202,Con Air,checked,1997-06-01,18.559,"Action,Thriller,Crime","When the government puts all its rotten criminal eggs in one airborne basket, it's asking for trouble. Before you can say, ""Pass the barf bag,"" the crooks control the plane, led by creepy Cyrus ""The Virus"" Grissom. Watching his every move is the just-released Cameron Poe, who'd rather reunite with his family.",,,https://image.tmdb.org/t/p/original//7PCCWBSparK5fquZtg9DMr8JIAm.jpg,1701,,
203,Mimic,checked,1997-08-22,18.513,"Fantasy,Horror,Science Fiction,Thriller","A disease carried by common cockroaches is killing Manhattan children. In an effort to stop the epidemic an entomologist, Susan Tyler, creates a mutant breed of insect that secretes a fluid to kill the roaches. This mutant breed was engineered to die after one generation, but three years later Susan finds out that the species has survived and evolved into a large, gruesome monster that can mimic human form.",,,https://image.tmdb.org/t/p/original//ieRRo78f8JzEKxfiCKqJyFg6l8o.jpg,4961,,
204,Saving Private Ryan,checked,1998-07-24,43.056,"Drama,History,War","As U.S. troops storm the beaches of Normandy, three brothers lie dead on the battlefield, with a fourth trapped behind enemy lines. Ranger captain John Miller and seven men are tasked with penetrating German-held territory and bringing the boy home.",,,https://image.tmdb.org/t/p/original//JC8KQ2BXaAIFEU8zEuakiwUQSr.jpg,857,,
205,American History X,checked,1998-10-30,32.834,Drama,"Derek Vineyard is paroled after serving 3 years in prison for killing two thugs who tried to break into/steal his truck. Through his brother, Danny Vineyard's narration, we learn that before going to prison, Derek was a skinhead and the leader of a violent white supremacist gang that committed acts of racial crime throughout L.A. and his actions greatly influenced Danny. Reformed and fresh out of prison, Derek severs contact with the gang and becomes determined to keep Danny from going down the same violent path as he did.",,,https://image.tmdb.org/t/p/original//c2gsmSQ2Cqv8zosqKOCwRS0GFBS.jpg,73,,
206,The Big Lebowski,checked,1998-03-06,27.756,"Comedy,Crime","Jeffrey ""The Dude"" Lebowski, a Los Angeles slacker who only wants to bowl and drink White Russians, is mistaken for another Jeffrey Lebowski, a wheelchair-bound millionaire, and finds himself dragged into a strange series of events involving nihilists, adult film producers, ferrets, errant toes, and large sums of money.",,,https://image.tmdb.org/t/p/original//d4J7GotCjvDJBAYayZBTc5nLbbP.jpg,115,,
207,The Truman Show,checked,1998-06-04,26.929,"Comedy,Drama","Truman Burbank is the star of The Truman Show, a 24-hour-a-day reality TV show that broadcasts every aspect of his life without his knowledge. His entire life has been an unending soap opera for consumption by the rest of the world. And everyone he knows, including his wife and his best friend is really an actor, paid to be part of his life.",,,https://image.tmdb.org/t/p/original//jW8w2QZnCSRblYWPc5FKAkS1cal.jpg,37165,,
208,Armageddon,checked,1998-07-01,25.911,"Action,Adventure,Science Fiction,Thriller","When an asteroid threatens to collide with Earth, NASA honcho Dan Truman determines the only way to stop it is to drill into its surface and detonate a nuclear bomb. This leads him to renowned driller Harry Stamper, who agrees to helm the dangerous space mission provided he can bring along his own hotshot crew. Among them is the cocksure A.J. who Harry thinks isn't good enough for his daughter, until the mission proves otherwise.",,,https://image.tmdb.org/t/p/original//fMtOCd0EAdAzKtGLQiHjSUvbdNc.jpg,95,,
209,The Lion King II: Simba's Pride,checked,1998-10-24,22.978,"Adventure,Animation,Family","The circle of life continues for Simba, now fully grown and in his rightful place as the king of Pride Rock. Simba and Nala have given birth to a daughter, Kiara who's as rebellious as her father was. But Kiara drives her parents to distraction when she catches the eye of Kovu, the son of the evil lioness, Zira. Will Kovu steal Kiara's heart?",,,https://image.tmdb.org/t/p/original//z2tDQZpxKqXJB7DXBI1R62qLJaP.jpg,9732,,
210,Blade,checked,1998-08-21,22.844,"Action,Horror","When Blade's mother was bitten by a vampire during pregnancy, she did not know that she gave her son a special gift while dying—all the good vampire attributes in combination with the best human skills. Blade and his mentor battle an evil vampire rebel who plans to take over the outdated vampire council, capture Blade and resurrect a voracious blood god.",,,https://image.tmdb.org/t/p/original//PDuKQeQkRHkdx7rY147VBVN5Ef.jpg,36647,,
211,Godzilla,checked,1998-05-20,22.085,"Action,Science Fiction,Thriller","When a freighter is viciously attacked in the Pacific Ocean, a team of experts -- including biologist Niko Tatopoulos and scientists Elsie Chapman and Mendel Craven -- concludes that an oversized reptile is the culprit. Before long, the giant lizard is loose in Manhattan, destroying everything within its reach. The team chases the monster to Madison Square Garden, where a brutal battle ensues.",,,https://image.tmdb.org/t/p/original//6dbZtIsWeV92jNeILyDOgWzaIvo.jpg,929,,
212,Rush Hour,checked,1998-09-18,20.879,"Action,Comedy,Crime","When Hong Kong Inspector Lee is summoned to Los Angeles to investigate a kidnapping, the FBI doesn't want any outside help and assigns cocky LAPD Detective James Carter to distract Lee from the case. Not content to watch the action from the sidelines, Lee and Carter form an unlikely partnership and investigate the case themselves.",,,https://image.tmdb.org/t/p/original//9FRw2qOU74GLSWbDkX6wWp6mgQD.jpg,2109,,
213,Lethal Weapon 4,checked,1998-07-10,20.86,"Action,Adventure,Comedy,Crime,Thriller","In the combustible action franchise's final installment, maverick detectives Martin Riggs and Roger Murtaugh square off against Asian mobster Wah Sing Ku, who's up to his neck in slave trading and counterfeit currency. With help from gumshoe Leo Getz and smart-aleck rookie cop Lee Butters, Riggs and Murtaugh aim to take down Ku and his gang.",,,https://image.tmdb.org/t/p/original//4ebq3ykzEy2rmsxMhN9pEfm4sul.jpg,944,,
214,There's Something About Mary,checked,1998-07-15,20.397,"Comedy,Romance","For Ted, prom night went about as bad as it’s possible for any night to go. Thirteen years later, he finally gets another chance with his old prom date, only to run up against other suitors including the sleazy detective he hired to find her.",,,https://image.tmdb.org/t/p/original//g03pwohXHOI75InM3zraiaEGguO.jpg,544,,
215,A Bug's Life,checked,1998-11-25,20.045,"Adventure,Animation,Comedy,Family","On behalf of ""oppressed bugs everywhere,"" an inventive ant named Flik hires a troupe of warrior bugs to defend his bustling colony from a horde of freeloading grasshoppers led by the evil-minded Hopper.",,,https://image.tmdb.org/t/p/original//Ah3J9OJVc2CNCuH2zMydXy9fmIC.jpg,9487,,
216,Antz,checked,1998-10-02,19.354,"Adventure,Animation,Comedy,Family","A neurotic worker ant in love with a rebellious princess rises to unlikely stardom when he switches places with a soldier. Signing up to march in a parade, he ends up under the command of a bloodthirsty general. But he's actually been enlisted to fight against a termite army.",,,https://image.tmdb.org/t/p/original//qzUPrCu0nvjrRQiL8nFVHdsREug.jpg,8916,,
217,Deep Impact,checked,1998-05-08,19.126,"Action,Drama,Science Fiction","A seven-mile-wide space rock is hurtling toward Earth, threatening to obliterate the planet. Now, it's up to the president of the United States to save the world. He appoints a tough-as-nails veteran astronaut to lead a joint American-Russian crew into space to destroy the comet before impact. Meanwhile, an enterprising reporter uses her smarts to uncover the scoop of the century.",,,https://image.tmdb.org/t/p/original//a3vQS7JKqlOb3MdVJHuTCP9s7Mg.jpg,8656,,
218,Lost in Space,checked,1998-04-03,18.049,"Adventure,Science Fiction","The prospects for continuing life on Earth in the year 2058 are grim. So the Robinsons are launched into space to colonize Alpha Prime, the only other inhabitable planet in the galaxy. But when a stowaway sabotages the mission, the Robinsons find themselves hurtling through uncharted space.",,,https://image.tmdb.org/t/p/original//4miEpZmUOMqV8P0T6oq5HVBiVHw.jpg,2157,,
219,The Matrix,checked,1999-03-30,51.401,"Action,Science Fiction","Set in the 22nd century, The Matrix tells the story of a computer hacker who joins a group of underground insurgents fighting the vast and powerful computers who now rule the earth.",,,https://image.tmdb.org/t/p/original//f89U3ADr1oiB1s9GkdPOEpXUk5H.jpg,603,,
220,Fight Club,checked,1999-10-15,49.978,Drama,"A ticking-time-bomb insomniac and a slippery soap salesman channel primal male aggression into a shocking new form of therapy. Their concept catches on, with underground ""fight clubs"" forming in every town, until an eccentric gets in the way and ignites an out-of-control spiral toward oblivion.",,,https://image.tmdb.org/t/p/original//bptfVGEQuv6vDTIMVCHjJ9Dz8PX.jpg,550,,
221,Toy Story 2,checked,1999-10-30,32.835,"Animation,Comedy,Family","Andy heads off to Cowboy Camp, leaving his toys to their own devices. Things shift into high gear when an obsessive toy collector named Al McWhiggen, owner of Al's Toy Barn kidnaps Woody. Andy's toys mount a daring rescue mission, Buzz Lightyear meets his match and Woody has to decide where he and his heart truly belong.",,,https://image.tmdb.org/t/p/original//yFWQkz2ynjwsazT6xQiIXEUsyuh.jpg,863,,
222,The Green Mile,checked,1999-12-10,32.721,"Crime,Drama,Fantasy","A supernatural tale set on death row in a Southern prison, where gentle giant John Coffey possesses the mysterious power to heal people's ailments. When the cell block's head guard, Paul Edgecomb, recognizes Coffey's miraculous gift, he tries desperately to help stave off the condemned man's execution.",,,https://image.tmdb.org/t/p/original//velWPhVMQeQKcxggNEU8YmIo52R.jpg,497,,
223,American Beauty,checked,1999-09-15,32.084,Drama,"Lester Burnham, a depressed suburban father in a mid-life crisis, decides to turn his hectic life around after developing an infatuation with his daughter's attractive friend.",,,https://image.tmdb.org/t/p/original//wby9315QzVKdW9BonAefg8jGTTb.jpg,14,,
224,The Mummy,checked,1999-04-16,28.497,"Action,Adventure,Fantasy",Dashing legionnaire Rick O'Connell stumbles upon the hidden ruins of Hamunaptra while in the midst of a battle to claim the area in 1920s Egypt. It has been over three thousand years since former High Priest Imhotep suffered a fate worse than death as a punishment for a forbidden love—along with a curse that guarantees eternal doom upon the world if he is ever awoken.,,,https://image.tmdb.org/t/p/original//yhIsVvcUm7QxzLfT6HW2wLf5ajY.jpg,564,,
225,The Sixth Sense,checked,1999-08-06,27.632,"Mystery,Thriller,Drama","A psychological thriller about an eight year old boy named Cole Sear who believes he can see into the world of the dead. A child psychologist named Malcolm Crowe comes to Cole to help him deal with his problem, learning that he really can see the ghosts of dead people.",,,https://image.tmdb.org/t/p/original//fIssD3w3SvIhPPmVo4WMgZDVLID.jpg,745,,
226,Notting Hill,checked,1999-05-13,26.541,"Romance,Comedy,Drama","William Thacker is a London bookstore owner whose humdrum existence is thrown into romantic turmoil when famous American actress Anna Scott appears in his shop. A chance encounter over spilled orange juice leads to a kiss that blossoms into a full-blown affair. As the average bloke and glamorous movie star draw closer and closer together, they struggle to reconcile their radically different lifestyles in the name of love.",,,https://image.tmdb.org/t/p/original//cBpef6K40Su2CcBb3c18WdwRFCL.jpg,509,,
227,American Pie,checked,1999-07-09,25.817,"Comedy,Romance","At a high-school party, four friends find that losing their collective virginity isn't as easy as they had thought. But they still believe that they need to do so before college. To motivate themselves, they enter a pact to all ""score."" by their senior prom.",,,https://image.tmdb.org/t/p/original//5P68by2Thn8wHAziyWGEw2O7hco.jpg,2105,,
228,Star Wars: Episode I - The Phantom Menace,checked,1999-05-19,22.983,"Action,Adventure,Science Fiction","Anakin Skywalker, a young slave strong with the Force, is discovered on Tatooine. Meanwhile, the evil Sith have returned, enacting their plot for revenge against the Jedi.",,,https://image.tmdb.org/t/p/original//6wkfovpn7Eq8dYNKaG5PY3q2oq6.jpg,1893,,
229,8MM,checked,1999-02-26,20.618,"Crime,Mystery,Thriller","A small, seemingly innocuous plastic reel of film leads surveillance specialist Tom Welles down an increasingly dark and frightening path. With the help of the streetwise Max, he relentlessly follows a bizarre trail of evidence to determine the fate of a complete stranger. As his work turns into obsession, he drifts farther and farther away from his wife, family and simple life as a small-town PI.",,,https://image.tmdb.org/t/p/original//hqMOHPqKdqaWwLulYCMsPYvt93P.jpg,8224,,
230,Deuce Bigalow: Male Gigolo,checked,1999-12-10,20.403,Comedy,"Deuce Bigalow is a less than attractive, down on his luck aquarium cleaner. One day he wrecks the house of a gigolo and needs quick money to repair it. The only way he can make it is to become a gigolo himself, taking on an unusual mix of female clients. He encounters a couple of problems, though. He falls in love with one of his unusual clients, and a sleazy police officer is hot on his trail.",,,https://image.tmdb.org/t/p/original//1ETiPu6Nfn6X7wlDP5yip84n8cX.jpg,10402,,
231,Austin Powers: The Spy Who Shagged Me,checked,1999-06-08,20.284,"Adventure,Comedy,Crime,Science Fiction","When diabolical genius, Dr. Evil travels back in time to steal superspy Austin Powers's ‘mojo’, Austin must return to the swingin' '60s himself – with the help of American agent, Felicity Shagwell – to stop the dastardly plan. Once there, Austin faces off against Dr. Evil's army of minions and saves the world in his own unbelievably groovy way.",,,https://image.tmdb.org/t/p/original//f2ohIBEbc3eERyU5pgSknm8DqUj.jpg,817,,
232,The World Is Not Enough,checked,1999-11-17,18.996,"Action,Adventure,Thriller","Greed, revenge, world dominance and high-tech terrorism – it's all in a day's work for Bond, who's on a mission to protect a beautiful oil heiress from a notorious terrorist. In a race against time that culminates in a dramatic submarine showdown, Bond works to defuse the international power struggle that has the world's oil supply hanging in the balance.",,,https://image.tmdb.org/t/p/original//bc1MIdWr8Y9RsfD9Qq7932prh5v.jpg,36643,,
233,Gladiator,checked,2000-05-01,42.564,"Action,Drama,Adventure","In the year 180, the death of emperor Marcus Aurelius throws the Roman Empire into chaos.  Maximus is one of the Roman army's most capable and trusted generals and a key advisor to the emperor.  As Marcus' devious son Commodus ascends to the throne, Maximus is set to be executed.  He escapes, but is captured by slave traders.  Renamed Spaniard and forced to become a gladiator, Maximus must battle to the death with other men for the amusement of paying audiences.",,,https://image.tmdb.org/t/p/original//dvKsQB84W2Sv6s7jpGmzQBVyQe3.jpg,98,,
234,Memento,checked,2000-10-11,34.084,"Mystery,Thriller","Leonard Shelby is tracking down the man who raped and murdered his wife. The difficulty of locating his wife's killer, however, is compounded by the fact that he suffers from a rare, untreatable form of short-term memory loss. Although he can recall details of life before his accident, Leonard cannot remember what happened fifteen minutes ago, where he's going, or why.",,,https://image.tmdb.org/t/p/original//uprP8rtOgMYJQ2h3ldDFvGsaBgH.jpg,77,,
235,Unbreakable,checked,2000-11-13,26.795,"Drama,Mystery,Thriller","An ordinary man makes an extraordinary discovery when a train accident leaves his fellow passengers dead — and him unscathed. The answer to this mystery could lie with the mysterious Elijah Price, a man who suffers from a disease that renders his bones as fragile as glass.",,,https://image.tmdb.org/t/p/original//kXkV3RKsSf49wbSnUerKZFMQORB.jpg,9741,,
236,American Psycho,checked,2000-01-21,23.567,"Crime,Drama,Horror,Thriller","A wealthy New York investment banking executive hides his alternate psychopathic ego from his co-workers and friends as he escalates deeper into his illogical, gratuitous fantasies.",,,https://image.tmdb.org/t/p/original//AdBOkKdmeYLWDZ1b9PCpyesiudo.jpg,1359,,
237,Hollow Man,checked,2000-08-04,23.526,"Action,Science Fiction,Thriller","Cocky researcher, Sebastian Caine is working on a project to make living creatures invisible and he's so confident he's found the right formula that he tests it on himself and soon begins to vanish. The only problem is – no-one can determine how to make him visible again. Caine's predicament eventually drives him mad, with terrifying results.",,,https://image.tmdb.org/t/p/original//sd3qUIv5uoP2oTbqv66CzXSPjKG.jpg,9383,,
238,Snatch,checked,2000-09-01,23.156,"Crime,Thriller",There are two overlapping stories. One is the search for a stolen diamond. The other is about a boxing promoter who’s having trouble with a psychotic gangster.,,,https://image.tmdb.org/t/p/original//56mOJth6DJ6JhgoE2jtpilVqJO.jpg,107,,
239,Chicken Run,checked,2000-06-21,21.77,"Animation,Comedy,Family","Having been hopelessly repressed and facing eventual certain death at the British chicken farm where they are held, Ginger the chicken along with the help of Rocky the American rooster decide to rebel and lead their fellow chickens in a great escape from the murderous farmers Mr. and Mrs. Tweedy and their farm of doom.",,,https://image.tmdb.org/t/p/original//8XgmIsbpVamdhwcNVsYzohFZTtT.jpg,7443,,
240,Cast Away,checked,2000-12-22,21.734,"Adventure,Drama","Chuck Nolan, a top international manager for FedEx, and Kelly, a Ph.D. student, are in love and heading towards marriage. Then Chuck's plane to Malaysia crashes at sea during a terrible storm. He's the only survivor, and finds himself marooned on a desolate island. With no way to escape, Chuck must find ways to survive in his new home.",,,https://image.tmdb.org/t/p/original//yJGU37lwlWVBu5ZvROS0x6v40vD.jpg,8358,,
241,Mission to Mars,checked,2000-03-10,20.798,Science Fiction,"When contact is lost with the crew of the first Mars expedition, a rescue mission is launched to discover their fate.",,,https://image.tmdb.org/t/p/original//beDWEWxgFlt1UWvf2al9cjDol2i.jpg,2067,,
242,Coyote Ugly,checked,2000-07-30,19.545,"Comedy,Drama,Music,Romance","Graced with a velvet voice, 21-year-old Violet Sanford heads to New York to pursue her dream of becoming a songwriter only to find her aspirations sidelined by the accolades and notoriety she receives at her ""day"" job as a barmaid at Coyote Ugly. The ""Coyotes"" as they are affectionately called tantalize customers and the media alike with their outrageous antics, making Coyote Ugly the watering hole for guys on the prowl.",,,https://image.tmdb.org/t/p/original//p3nIrS9rkdVmMmgKAWtGsmAnhGV.jpg,6282,,
243,Charlie's Angels,checked,2000-11-02,19.301,"Action,Adventure,Comedy,Crime,Thriller","Three women, detectives with a mysterious boss, retrieve stolen voice-ID software, using martial arts, tech skills, and sex appeal.",,,https://image.tmdb.org/t/p/original//iHTmZs0BmkwMCYi8rhvMWC5G4EM.jpg,4327,,
244,The 6th Day,checked,2000-11-17,18.435,"Mystery,Science Fiction,Action",Futuristic action about a man who meets a clone of himself and stumbles into a grand conspiracy about clones taking over the world.,,,https://image.tmdb.org/t/p/original//2iIQcICw4zxsm8qujCbsjVDxZyd.jpg,8452,,
245,Scary Movie,checked,2000-07-07,18.384,Comedy,"Following on the heels of popular teen-scream horror movies, with uproarious comedy and biting satire. Marlon and Shawn Wayans, Shannon Elizabeth and Carmen Electra pitch in to skewer some of Hollywood's biggest blockbusters, including Scream, I Know What You Did Last Summer, The Matrix, American Pie and The Blair Witch Project.",,,https://image.tmdb.org/t/p/original//lRQiJXETkCnVVurHmglNvMXrZOx.jpg,4247,,
246,Mission: Impossible II,checked,2000-05-24,18.352,"Action,Adventure,Thriller","With computer genius Luther Stickell at his side and a beautiful thief on his mind, agent Ethan Hunt races across Australia and Spain to stop a former IMF agent from unleashing a genetically engineered biological weapon called Chimera. This mission, should Hunt choose to accept it, plunges him into the center of an international crisis of terrifying magnitude.",,,https://image.tmdb.org/t/p/original//12mI7kU22nJrmtAgGcDP8tbAz4a.jpg,955,,
247,Scream 3,checked,2000-02-03,17.991,"Horror,Mystery","A murdering spree begins to happen again, this time its targeted toward the original Woodsboro survivors and those associated with the movie inside a movie, 'Stab 3'. Sydney must face the demons of her past to stop the killer.",,,https://image.tmdb.org/t/p/original//qpH8ToZVlFD1bakL04LkEKodyDI.jpg,4234,,
248,High Fidelity,checked,2000-03-17,17.661,"Comedy,Drama,Music,Romance","When record store owner Rob Gordon gets dumped by his girlfriend, Laura, because he hasn't changed since they met, he revisits his top five breakups of all time in an attempt to figure out what went wrong. As Rob seeks out his former lovers to find out why they left, he keeps up his efforts to win Laura back.",,,https://image.tmdb.org/t/p/original//e2LZGB62GMhv3Fo8tDZjY87I81a.jpg,243,,
249,Harry Potter and the Philosopher's Stone,checked,2001-11-16,63.966,"Adventure,Fantasy,Family","Harry Potter has lived under the stairs at his aunt and uncle's house his whole life. But on his 11th birthday, he learns he's a powerful wizard -- with a place waiting for him at the Hogwarts School of Witchcraft and Wizardry. As he learns to harness his newfound powers with the help of the school's kindly headmaster, Harry uncovers the truth about his parents' deaths -- and about the villain who's to blame.",,,https://image.tmdb.org/t/p/original//wuMc08IPKEatf9rnMNXvIDxqP4W.jpg,671,,
250,The Lord of the Rings: The Fellowship of the Ring,checked,2001-12-18,56.658,"Action,Adventure,Fantasy","Young hobbit Frodo Baggins, after inheriting a mysterious ring from his uncle Bilbo, must leave his home in order to keep it from falling into the hands of its evil creator. Along the way, a fellowship is formed to protect the ringbearer and make sure that the ring arrives at its final destination: Mt. Doom, the only place where it can be destroyed.",,,https://image.tmdb.org/t/p/original//6oom5QYQ2yQTMJIbnvbkBL9cHo6.jpg,120,,
251,"Monsters, Inc.",checked,2001-11-01,40.615,"Animation,Comedy,Family","James Sullivan and Mike Wazowski are monsters, they earn their living scaring children and are the best in the business... even though they're more afraid of the children than they are of them. When a child accidentally enters their world, James and Mike suddenly find that kids are not to be afraid of and they uncover a conspiracy that could threaten all children across the world.",,,https://image.tmdb.org/t/p/original//sgheSKxZkttIe8ONsf2sWXPgip3.jpg,585,,
252,Amélie,checked,2001-04-25,30.248,"Comedy,Romance","At a tiny Parisian café, the adorable yet painfully shy Amélie (Audrey Tautou) accidentally discovers a gift for helping others. Soon Amelie is spending her days as a matchmaker, guardian angel, and all-around do-gooder. But when she bumps into a handsome stranger, will she find the courage to become the star of her very own love story?",,,https://image.tmdb.org/t/p/original//slVnvaH6fpF22154vnjQJdXCVZd.jpg,194,,
253,Ocean's Eleven,checked,2001-12-07,29.194,"Crime,Thriller","Less than 24 hours into his parole, charismatic thief Danny Ocean is already rolling out his next plan: In one night, Danny's hand-picked crew of specialists will attempt to steal more than $150 million from three Las Vegas casinos. But to score the cash, Danny risks his chances of reconciling with ex-wife, Tess.",,,https://image.tmdb.org/t/p/original//v5D7K4EHuQHFSjveq8LGxdSfrGS.jpg,161,,
254,Shrek,checked,2001-05-18,27.284,"Adventure,Animation,Comedy,Family,Fantasy","It ain't easy bein' green -- especially if you're a likable (albeit smelly) ogre named Shrek. On a mission to retrieve a gorgeous princess from the clutches of a fire-breathing dragon, Shrek teams up with an unlikely compatriot -- a wisecracking donkey.",,,https://image.tmdb.org/t/p/original//iB64vpL3dIObOtMZgX3RqdVdQDc.jpg,808,,
255,Black Hawk Down,checked,2001-12-28,27.119,"Action,History,War","When U.S. Rangers and an elite Delta Force team attempt to kidnap two underlings of a Somali warlord, their Black Hawk helicopters are shot down, and the Americans suffer heavy casualties, facing intense fighting from the militia on the ground.",,,https://image.tmdb.org/t/p/original//8F31N59QzpuwOqva8jC8XbG9PA7.jpg,855,,
256,Vanilla Sky,checked,2001-01-22,26.628,"Drama,Fantasy,Science Fiction,Thriller,Romance","David Aames has it all: wealth, good looks and gorgeous women on his arm. But just as he begins falling for the warmhearted Sofia, his face is horribly disfigured in a car accident. That's just the beginning of his troubles as the lines between illusion and reality, between life and death, are blurred.",,,https://image.tmdb.org/t/p/original//cAh2pCiNPftsY3aSqJuIOde7uWr.jpg,1903,,
257,Donnie Darko,checked,2001-01-18,25.693,"Drama,Fantasy,Mystery","After narrowly escaping a bizarre accident, a troubled teenager is plagued by visions of a large bunny rabbit that manipulates him to commit a series of crimes.",,,https://image.tmdb.org/t/p/original//fhQoQfejY1hUcwyuLgpBrYs6uFt.jpg,141,,
258,A Beautiful Mind,checked,2001-12-11,24.904,"Drama,Romance","John Nash is a brilliant but asocial mathematician fighting schizophrenia. After he accepts secret work in cryptography, his life takes a turn for the nightmarish.",,,https://image.tmdb.org/t/p/original//mV4k9qlrdvECe4COBTN256FROR3.jpg,453,,
259,American Pie 2,checked,2001-08-10,20.828,"Comedy,Romance","The whole gang are back and as close as ever. They decide to get even closer by spending the summer together at a beach house. They decide to hold the biggest party ever to be seen, even if the preparation doesn't always go to plan. Especially when Stifler, Finch and Jim become more close to each other than they ever want to be and when Jim mistakes super glue for lubricant...",,,https://image.tmdb.org/t/p/original//wa3vePBNEfAJtzXs8WFTyD7bliD.jpg,2770,,
260,The Mummy Returns,checked,2001-05-04,19.864,"Action,Adventure,Fantasy","Rick and Evelyn O’Connell, along with their 8-year-old son Alex, discover the key to the legendary Scorpion King’s might: the fabled Bracelet of Anubis. Unfortunately, a newly resurrected Imhotep has designs on the bracelet as well, and isn’t above kidnapping its new bearer, Alex, to gain control of Anubis’s otherworldly army.",,,https://image.tmdb.org/t/p/original//kRntm0s0uNixsu3djaS9Kk96zLu.jpg,1734,,
261,The Lord of the Rings: The Two Towers,checked,2002-12-18,53.954,"Action,Adventure,Fantasy","Frodo and Sam are trekking to Mordor to destroy the One Ring of Power while Gimli, Legolas and Aragorn search for the orc-captured Merry and Pippin. All along, nefarious wizard Saruman awaits the Fellowship members at the Orthanc Tower in Isengard.",,,https://image.tmdb.org/t/p/original//5VTN0pR8gcqV3EPUHHfMGnJYN9L.jpg,121,,
262,Harry Potter and the Chamber of Secrets,checked,2002-11-13,46.055,"Adventure,Fantasy","Cars fly, trees fight back, and a mysterious house-elf comes to warn Harry Potter at the start of his second year at Hogwarts. Adventure and danger await when bloody writing on a wall announces: The Chamber Of Secrets Has Been Opened. To save Hogwarts will require all of Harry, Ron and Hermione’s magical abilities and courage.",,,https://image.tmdb.org/t/p/original//sdEOH0992YZ0QSxgXNIGLq1ToUi.jpg,672,,
263,Spider-Man,checked,2002-05-01,36.905,"Action,Fantasy","After being bitten by a genetically altered spider, nerdy high school student Peter Parker is endowed with amazing powers to become the Amazing superhero known as Spider-Man.",,,https://image.tmdb.org/t/p/original//gh4cZbhZxyTbgxQPxD0dOudNPTn.jpg,557,,
264,Men in Black II,checked,2002-07-03,35.422,"Action,Adventure,Comedy,Science Fiction","Kay and Jay reunite to provide our best, last and only line of defense against a sinister seductress who levels the toughest challenge yet to the MIB's untarnished mission statement – protecting Earth from the scum of the universe. It's been four years since the alien-seeking agents averted an intergalactic disaster of epic proportions. Now it's a race against the clock as Jay must convince Kay – who not only has absolutely no memory of his time spent with the MIB, but is also the only living person left with the expertise to save the galaxy – to reunite with the MIB before the earth submits to ultimate destruction.",,,https://image.tmdb.org/t/p/original//enA22EPyzc2WQ1VVyY7zxresQQr.jpg,608,,
265,Ice Age,checked,2002-03-10,31.78,"Adventure,Animation,Comedy,Family","With the impending ice age almost upon them, a mismatched trio of prehistoric critters – Manny the woolly mammoth, Diego the saber-toothed tiger and Sid the giant sloth – find an orphaned infant and decide to return it to its human parents. Along the way, the unlikely allies become friends but, when enemies attack, their quest takes on far nobler aims.",,,https://image.tmdb.org/t/p/original//gLhHHZUzeseRXShoDyC4VqLgsNv.jpg,425,,
266,The Pianist,checked,2002-09-17,25.577,"Drama,War","The true story of pianist Władysław Szpilman's experiences in Warsaw during the Nazi occupation. When the Jews of the city find themselves forced into a ghetto, Szpilman finds work playing in a café; and when his family is deported in 1942, he stays behind, works for a while as a laborer, and eventually goes into hiding in the ruins of the war-torn city.",,,https://image.tmdb.org/t/p/original//3DzePKMbLMIM636S6syCy3cLPqj.jpg,423,,
267,Equilibrium,checked,2002-12-06,24.377,"Action,Science Fiction,Thriller","In a dystopian future, a totalitarian regime maintains peace by subduing the populace with a drug, and displays of emotion are punishable by death. A man in charge of enforcing the law rises to overthrow the system.",,,https://image.tmdb.org/t/p/original//kvUrWiJLGnvHNLuQsMuxDd1raSl.jpg,7299,,
268,The Bourne Identity,checked,2002-06-14,24.154,"Action,Drama,Mystery,Thriller","Wounded to the brink of death and suffering from amnesia, Jason Bourne is rescued at sea by a fisherman. With nothing to go on but a Swiss bank account number, he starts to reconstruct his life, but finds that many people he encounters want him dead. However, Bourne realizes that he has the combat and mental skills of a world-class spy—but who does he work for?",,,https://image.tmdb.org/t/p/original//vN6jGCuzefysLVFrzK3Vs6xAdu1.jpg,2501,,
269,Minority Report,checked,2002-06-20,23.426,"Action,Mystery,Science Fiction,Thriller","John Anderton is a top 'Precrime' cop in the late-21st century, when technology can predict crimes before they're committed. But Anderton becomes the quarry when another investigator targets him for a murder charge.",,,https://image.tmdb.org/t/p/original//q8dbg0WhfbCJDCrfXWTOzJoVDnV.jpg,180,,
270,Gangs of New York,checked,2002-12-14,21.922,"Drama,History,Crime","It's 1863. America was born in the streets. Amsterdam Vallon returns to the Five Points of America to seek vengeance against the psychotic gangland kingpin, Bill the Butcher, who murdered his father years earlier. With an eager pickpocket by his side and a whole new army, Vallon fights his way to seek vengeance on the Butcher and restore peace in the area.",,,https://image.tmdb.org/t/p/original//lemqKtcCuAano5aqrzxYiKC8kkn.jpg,3131,,
271,Blade II,checked,2002-03-22,20.824,"Action,Fantasy,Horror,Thriller","A rare mutation has occurred within the vampire community - The Reaper. A vampire so consumed with an insatiable bloodlust that they prey on vampires as well as humans, transforming victims who are unlucky enough to survive into Reapers themselves. Blade is asked by the Vampire Nation for his help in preventing a nightmare plague that would wipe out both humans and vampires.",,,https://image.tmdb.org/t/p/original//vulF0iqX5z7AW1pdZ572zwsMRMB.jpg,36586,,
272,Die Another Day,checked,2002-11-17,20.791,"Action,Adventure,Thriller","Bond takes on a North Korean leader who undergoes DNA replacement procedures that allow him to assume different identities. American agent, Jinx Johnson assists Bond in his attempt to thwart the villain's plans to exploit a satellite that is powered by solar energy.",,,https://image.tmdb.org/t/p/original//bZmGqOhMhaLn8AoFMvFDct4tbrL.jpg,36669,,
273,Pirates of the Caribbean: The Curse of the Black Pearl,checked,2003-07-09,51.845,"Action,Adventure,Fantasy","Jack Sparrow, a freewheeling 18th-century pirate, quarrels with a rival pirate bent on pillaging Port Royal. When the governor's daughter is kidnapped, Sparrow decides to help the girl's love save her.",,,https://image.tmdb.org/t/p/original//z8onk7LV9Mmw6zKz4hT6pzzvmvl.jpg,22,,
274,The Lord of the Rings: The Return of the King,checked,2003-12-01,48.872,"Action,Adventure,Fantasy","Aragorn is revealed as the heir to the ancient kings as he, Gandalf and the other members of the broken fellowship struggle to save Gondor from Sauron's forces. Meanwhile, Frodo and Sam take the ring closer to the heart of Mordor, the dark lord's realm.",,,https://image.tmdb.org/t/p/original//rCzpDGLbOoPwLjy3OAm5NUPOTrC.jpg,122,,
275,Kill Bill: Vol. 1,checked,2003-10-10,37.092,"Action,Crime","An assassin is shot by her ruthless employer, Bill, and other members of their assassination circle – but she lives to plot her vengeance.",,,https://image.tmdb.org/t/p/original//v7TaX8kXMXs5yFFGR41guUDNcnB.jpg,24,,
276,Finding Nemo,checked,2003-05-30,33.518,"Animation,Family","Nemo, an adventurous young clownfish, is unexpectedly taken from his Great Barrier Reef home to a dentist's office aquarium. It's up to his worrisome father Marlin and a friendly but forgetful fish Dory to bring Nemo home -- meeting vegetarian sharks, surfer dude turtles, hypnotic jellyfish, hungry seagulls, and more along the way.",,,https://image.tmdb.org/t/p/original//xVNSgrsvpcAHPnyKf2phYxyppNZ.jpg,12,,
277,Oldboy,checked,2003-11-21,31.875,"Action,Drama,Mystery,Thriller","With no clue how he came to be imprisoned, drugged and tortured for 15 years, a desperate businessman seeks revenge on his captors.",,,https://image.tmdb.org/t/p/original//9eyqhS9MKBQqQJdGmWjKLH396gJ.jpg,670,,
278,Terminator 3: Rise of the Machines,checked,2003-07-02,31.208,"Action,Science Fiction,Thriller","It's been 10 years since John Connor saved Earth from Judgment Day, and he's now living under the radar, steering clear of using anything Skynet can trace. That is, until he encounters T-X, a robotic assassin ordered to finish what T-1000 started. Good thing Connor's former nemesis, the Terminator, is back to aid the now-adult Connor … just like he promised.",,,https://image.tmdb.org/t/p/original//jdG3l2e7kJ4bl91YLRLUAmvbZMX.jpg,296,,
279,The Matrix Reloaded,checked,2003-05-15,26.384,"Action,Adventure,Science Fiction,Thriller","Six months after the events depicted in The Matrix, Neo has proved to be a good omen for the free humans, as more and more humans are being freed from the matrix and brought to Zion, the one and only stronghold of the Resistance.  Neo himself has discovered his superpowers including super speed, ability to see the codes of the things inside the matrix and a certain degree of pre-cognition. But a nasty piece of news hits the human resistance: 250,000 machine sentinels are digging to Zion and would reach them in 72 hours. As Zion prepares for the ultimate war, Neo, Morpheus and Trinity are advised by the Oracle to find the Keymaker who would help them reach the Source.  Meanwhile Neo's recurrent dreams depicting Trinity's death have got him worried and as if it was not enough, Agent Smith has somehow escaped deletion, has become more powerful than before and has fixed Neo as his next target.",,,https://image.tmdb.org/t/p/original//aA5qHS0FbSXO8PxcxUIHbDrJyuh.jpg,604,,
280,The Italian Job,checked,2003-05-30,23.837,"Action,Crime","Charlie Croker pulled off the crime of a lifetime. The one thing that he didn't plan on was being double-crossed. Along with a drop-dead gorgeous safecracker, Croker and his team take off to re-steal the loot and end up in a pulse-pounding, pedal-to-the-metal chase that careens up, down, above and below the streets of Los Angeles.",,,https://image.tmdb.org/t/p/original//eSkjK4kctyrWpFhxl35GPvSs6tI.jpg,9654,,
281,Hulk,checked,2003-06-19,23.587,"Action,Science Fiction","Bruce Banner, a genetics researcher with a tragic past, suffers massive radiation exposure in his laboratory that causes him to transform into a raging green monster when he gets angry.",,,https://image.tmdb.org/t/p/original//qnngKqAcqfH2pBxDoKu5lxzSbTo.jpg,1927,,
282,Lost in Translation,checked,2003-08-31,21.942,"Comedy,Drama,Romance","Two lost souls visiting Tokyo -- the young, neglected wife of a photographer and a washed-up movie star shooting a TV commercial -- find an odd solace and pensive freedom to be real in each other's company, away from their lives in America.",,,https://image.tmdb.org/t/p/original//yDY1LLuMdWA0xO09ciVeDHHJWFr.jpg,153,,
283,The Matrix Revolutions,checked,2003-11-03,21.7,"Adventure,Action,Thriller,Science Fiction",The human city of Zion defends itself against the massive invasion of the machines as Neo fights to end the war at another front while also opposing the rogue Agent Smith.,,,https://image.tmdb.org/t/p/original//cm14gG8xBghwIAy1GX0ryI2HA4U.jpg,605,,
284,Troy,checked,2004-05-03,37.967,"Adventure,History","In year 1250 B.C. during the late Bronze age, two emerging nations begin to clash. Paris, the Trojan prince, convinces Helen, Queen of Sparta, to leave her husband Menelaus, and sail with him back to Troy. After Menelaus finds out that his wife was taken by the Trojans, he asks his brother Agamemnom to help him get her back. Agamemnon sees this as an opportunity for power. So they set off with 1,000 ships holding 50,000 Greeks to Troy. With the help of Achilles, the Greeks are able to fight the never before defeated Trojans.",,,https://image.tmdb.org/t/p/original//kWj4RJzZeJGeyGA3DVGQiNkUjkt.jpg,652,,
285,"I, Robot",checked,2004-07-15,35.858,"Action,Science Fiction","In 2035, where robots are common-place and abide by the three laws of robotics, a techno-phobic cop investigates an apparent suicide. Suspecting that a robot may be responsible for the death, his investigation leads him to believe that humanity may be in danger.",,,https://image.tmdb.org/t/p/original//zDu0TsCZHPzDO0d0iG9QynKGr4J.jpg,2048,,
286,Harry Potter and the Prisoner of Azkaban,checked,2004-05-31,35.789,"Adventure,Fantasy","Harry, Ron and Hermione return to Hogwarts for another magic-filled year. Harry comes face to face with danger yet again, this time in the form of escaped convict, Sirius Black—and turns to sympathetic Professor Lupin for help.",,,https://image.tmdb.org/t/p/original//uDQibffYgssdiqx7izO57wdLc6.jpg,673,,
287,Shrek 2,checked,2004-05-19,33.143,"Adventure,Animation,Comedy,Family,Fantasy","Shrek, Fiona and Donkey set off to Far, Far Away to meet Fiona's mother and father. But not everyone is happy. Shrek and the King find it hard to get along, and there's tension in the marriage. The fairy godmother discovers that Shrek has married Fiona instead of her Son Prince Charming and sets about destroying their marriage.",,,https://image.tmdb.org/t/p/original//2yYP0PQjG8zVqturh1BAqu2Tixl.jpg,809,,
288,The Incredibles,checked,2004-11-05,32.834,"Action,Adventure,Animation,Family","Bob Parr has given up his superhero days to log in time as an insurance adjuster and raise his three children with his formerly heroic wife in suburbia. But when he receives a mysterious assignment, it's time to get back into costume.",,,https://image.tmdb.org/t/p/original//2LqaLgk4Z226KkgPJuiOQ58wvrm.jpg,9806,,
289,Kill Bill: Vol. 2,checked,2004-04-16,30.481,"Action,Crime,Thriller","The Bride unwaveringly continues on her roaring rampage of revenge against the band of assassins who had tried to kill her and her unborn child. She visits each of her former associates one-by-one, checking off the victims on her Death List Five until there's nothing left to do … but kill Bill.",,,https://image.tmdb.org/t/p/original//2yhg0mZQMhDyvUQ4rG1IZ4oIA8L.jpg,393,,
290,Ocean's Twelve,checked,2004-12-09,28.037,"Crime,Thriller","Danny Ocean reunites with his old flame and the rest of his merry band of thieves in carrying out three huge heists in Rome, Paris and Amsterdam – but a Europol agent is hot on their heels.",,,https://image.tmdb.org/t/p/original//oV3BVdY3UtEHRxpixmntpxHJwSc.jpg,163,,
291,Shaun of the Dead,checked,2004-04-09,24.523,"Comedy,Horror","Shaun lives a supremely uneventful life, which revolves around his girlfriend, his mother, and, above all, his local pub. This gentle routine is threatened when the dead return to life and make strenuous attempts to snack on ordinary Londoners.",,,https://image.tmdb.org/t/p/original//nqiAoFnrmxREOXzeTy12L9OlsI9.jpg,747,,
292,The Butterfly Effect,checked,2004-01-22,24.283,"Science Fiction,Thriller","A young man struggles to access sublimated childhood memories. He finds a technique that allows him to travel back into the past, to occupy his childhood body and change history. However, he soon finds that every change he makes has unexpected consequences.",,,https://image.tmdb.org/t/p/original//jY0hIz8eolynHqWN8vrTo0cypBI.jpg,1954,,
293,Million Dollar Baby,checked,2004-12-15,23.057,Drama,"Despondent over a painful estrangement from his daughter, trainer Frankie Dunn isn't prepared for boxer Maggie Fitzgerald to enter his life. But Maggie's determined to go pro and to convince Dunn and his cohort to help her.",,,https://image.tmdb.org/t/p/original//jcfEqKdWF1zeyvECPqp3mkWLct2.jpg,70,,
294,The Bourne Supremacy,checked,2004-07-23,22.026,"Action,Drama,Thriller","When a CIA operation to purchase classified Russian documents is blown by a rival agent, who then shows up in the sleepy seaside village where Bourne and Marie have been living. The pair run for their lives and Bourne, who promised retaliation should anyone from his former life attempt contact, is forced to once again take up his life as a trained assassin to survive.",,,https://image.tmdb.org/t/p/original//7IYGiDrquvX3q7e9PV6Pejs6b2g.jpg,2502,,
295,Crash,checked,2004-09-10,21.27,Drama,"In post-Sept. 11 Los Angeles, tensions erupt when the lives of a Brentwood housewife, her district attorney husband, a Persian shopkeeper, two cops, a pair of carjackers and a Korean couple converge during a 36-hour period.",,,https://image.tmdb.org/t/p/original//86BdPC6RDX88NC880pLidKn2LCj.jpg,1640,,
296,Batman Begins,checked,2005-06-10,52.613,"Action,Crime,Drama","Driven by tragedy, billionaire Bruce Wayne dedicates his life to uncovering and defeating the corruption that plagues his home, Gotham City.  Unable to work within the system, he instead creates a new identity, a symbol of fear for the criminal underworld - The Batman.",,,https://image.tmdb.org/t/p/original//8RW2runSEc34IwKN2D1aPcJd2UL.jpg,272,,
297,Harry Potter and the Goblet of Fire,checked,2005-11-16,34.094,"Adventure,Fantasy,Family","Harry starts his fourth year at Hogwarts, competes in the treacherous Triwizard Tournament and faces the evil Lord Voldemort. Ron and Hermione help Harry manage the pressure – but Voldemort lurks, awaiting his chance to destroy Harry and all that he stands for.",,,https://image.tmdb.org/t/p/original//fECBtHlr0RB3foNHDiCBXeg9Bv9.jpg,674,,
298,Charlie and the Chocolate Factory,checked,2005-07-13,30.83,"Adventure,Comedy,Fantasy,Family","A young boy wins a tour through the most magnificent chocolate factory in the world, led by the world's most unusual candy maker.",,,https://image.tmdb.org/t/p/original//wfGfxtBkhBzQfOZw4S8IQZgrH0a.jpg,118,,
299,Madagascar,checked,2005-05-25,27.841,"Adventure,Animation,Comedy,Family","Alex the lion is the king of the urban jungle, the main attraction at New York’s Central Park Zoo. He and his best friends—Marty the zebra, Melman the giraffe and Gloria the hippo—have spent their whole lives in blissful captivity before an admiring public and with regular meals provided for them. Not content to leave well enough alone, Marty lets his curiosity get the better of him and makes his escape—with the help of some prodigious penguins—to explore the world.",,,https://image.tmdb.org/t/p/original//uHkmbxb70IQhV4q94MiBe9dqVqv.jpg,953,,
300,Mr. & Mrs. Smith,checked,2005-06-07,27.631,"Action,Comedy,Drama,Thriller","After five (or six) years of vanilla-wedded bliss, ordinary suburbanites John and Jane Smith are stuck in a huge rut. Unbeknownst to each other, they are both coolly lethal, highly-paid assassins working for rival organisations. When they discover they're each other's next target, their secret lives collide in a spicy, explosive mix of wicked comedy, pent-up passion, nonstop action and high-tech weaponry.",,,https://image.tmdb.org/t/p/original//wzIO3ytxeSNt1wRpXLIdkNbGoDm.jpg,787,,
301,War of the Worlds,checked,2005-06-28,27.195,"Adventure,Science Fiction,Thriller","Ray Ferrier is a divorced dockworker and less-than-perfect father. Soon after his ex-wife and her new husband drop off his teenage son and young daughter for a rare weekend visit, a strange and powerful lightning storm touches down.",,,https://image.tmdb.org/t/p/original//6Biy7R9LfumYshur3YKhpj56MpB.jpg,74,,
302,The Island,checked,2005-07-21,26.543,"Action,Adventure,Science Fiction,Thriller","In 2019, Lincoln Six-Echo is a resident of a seemingly ""Utopian"" but contained facility. Like all of the inhabitants of this carefully-controlled environment, Lincoln hopes to be chosen to go to The Island — reportedly the last uncontaminated location on the planet. But Lincoln soon discovers that everything about his existence is a lie.",,,https://image.tmdb.org/t/p/original//qU9dDBfGTfSEPTkBIrUaCU2Rwu4.jpg,1635,,
303,Brokeback Mountain,checked,2005-09-10,25,"Drama,Romance","Two modern-day cowboys meet on a shepherding job in the summer of '63, the two share a raw and powerful summer together that turns into a lifelong relationship conflicting with the lives they are supposed to live.",,,https://image.tmdb.org/t/p/original//1A2EU80gL5KXXjjcUZZt8UI4Zot.jpg,142,,
304,Æon Flux,checked,2005-11-30,24.774,"Action,Science Fiction","400 years into the future, disease has wiped out the majority of the world's population, except one walled city, Bregna, ruled by a congress of scientists. When Æon Flux, the top operative in the underground 'Monican' rebellion, is sent on a mission to kill a government leader, she uncovers a world of secrets.",,,https://image.tmdb.org/t/p/original//t3ywK0oifrCc07fu0RGXWDxb1DZ.jpg,8202,,
305,Sin City,checked,2005-04-01,23.558,"Action,Thriller,Crime","Welcome to Sin City. This town beckons to the tough, the corrupt, the brokenhearted. Some call it dark… Hard-boiled. Then there are those who call it home — Crooked cops, sexy dames, desperate vigilantes. Some are seeking revenge, others lust after redemption, and then there are those hoping for a little of both. A universe of unlikely and reluctant heroes still trying to do the right thing in a city that refuses to care.",,,https://image.tmdb.org/t/p/original//8qGW691AOyqbKsEhpe7nHwMEbRe.jpg,187,,
306,Wallace & Gromit: The Curse of the Were-Rabbit,checked,2005-09-04,21.387,"Adventure,Animation,Comedy,Family","Cheese-loving eccentric Wallace and his cunning canine pal, Gromit, investigate a mystery in Nick Park's animated adventure, in which the lovable inventor and his intrepid pup run a business ridding the town of garden pests. Using only humane methods that turn their home into a halfway house for evicted vermin, the pair stumble upon a mystery involving a voracious vegetarian monster that threatens to ruin the annual veggie-growing contest.",,,https://image.tmdb.org/t/p/original//cMQ2lNd7sBe6PCf6zF5QxrKzbRG.jpg,533,,
307,Fantastic Four,checked,2005-06-29,21,"Action,Adventure,Fantasy,Science Fiction","During a space voyage, four scientists are altered by cosmic rays: Reed Richards gains the ability to stretch his body; Sue Storm can become invisible; Johnny Storm controls fire; and Ben Grimm is turned into a super-strong … thing. Together, these ""Fantastic Four"" must now thwart the evil plans of Dr. Doom and save the world from certain destruction.",,,https://image.tmdb.org/t/p/original//8HLQLILZLhDQWO6JDpvY6XJLH75.jpg,9738,,
308,Chicken Little,checked,2005-11-04,20.932,"Animation,Comedy,Family","When the sky really is falling and sanity has flown the coop, who will rise to save the day? Together with his hysterical band of misfit friends, Chicken Little must hatch a plan to save the planet from alien invasion and prove that the world's biggest hero is a little chicken.",,,https://image.tmdb.org/t/p/original//6C6zBg1dc7iZXwb1NP9Q4SiE8Cr.jpg,9982,,
309,The Departed,checked,2006-10-05,41.842,"Drama,Thriller,Crime","To take down South Boston's Irish Mafia, the police send in one of their own to infiltrate the underworld, not realizing the syndicate has done likewise. While an undercover cop curries favor with the mob kingpin, a career criminal rises through the police ranks. But both sides soon discover there's a mole among them.",,,https://image.tmdb.org/t/p/original//jyAgiqVSx5fl0NNj7WoGGKweXrL.jpg,1422,,
310,Casino Royale,checked,2006-11-14,40.852,"Adventure,Action,Thriller","Le Chiffre, a banker to the world's terrorists, is scheduled to participate in a high-stakes poker game in Montenegro, where he intends to use his winnings to establish his financial grip on the terrorist market. M sends Bond—on his maiden mission as a 00 Agent—to attend this game and prevent Le Chiffre from winning. With the help of Vesper Lynd and Felix Leiter, Bond enters the most important poker game in his already dangerous career.",,,https://image.tmdb.org/t/p/original//ta2BX3THwYXytWuVVozaT0NsMM8.jpg,36557,,
311,The Prestige,checked,2006-10-19,39.61,"Drama,Mystery,Thriller","A mysterious story of two magicians whose intense rivalry leads them on a life-long battle for supremacy -- full of obsession, deceit and jealousy with dangerous and deadly consequences.",,,https://image.tmdb.org/t/p/original//pvSESD7ujxWZwtYDb9l57qE0ywq.jpg,1124,,
312,Pirates of the Caribbean: Dead Man's Chest,checked,2006-06-20,38.052,"Action,Adventure,Fantasy","Captain Jack Sparrow works his way out of a blood debt with the ghostly Davey Jones, he also attempts to avoid eternal damnation.",,,https://image.tmdb.org/t/p/original//AdRQGfT05z6L9gIpUpkh4McMmpm.jpg,58,,
313,V for Vendetta,checked,2006-02-23,28.655,"Action,Thriller,Fantasy","In a world in which Great Britain has become a fascist state, a masked vigilante known only as “V” conducts guerrilla warfare against the oppressive British government. When V rescues a young woman from the secret police, he finds in her an ally with whom he can continue his fight to free the people of Britain.",,,https://image.tmdb.org/t/p/original//2ySXWBckQboalTZjhaLWRqc3gCN.jpg,752,,
314,The Da Vinci Code,checked,2006-05-17,27.841,"Mystery,Thriller","A murder in Paris’ Louvre Museum and cryptic clues in some of Leonardo da Vinci’s most famous paintings lead to the discovery of a religious mystery. For 2,000 years a secret society closely guards information that — should it come to light — could rock the very foundations of Christianity.",,,https://image.tmdb.org/t/p/original//5wGLpDGYVFYDYdD67jEuZ0Jo39W.jpg,591,,
315,Pan's Labyrinth,checked,2006-08-25,25.868,"Drama,Fantasy,War","Living with her tyrannical stepfather in a new home with her pregnant mother, 10-year-old Ofelia feels alone until she explores a decaying labyrinth guarded by a mysterious faun who claims to know her destiny. If she wishes to return to her real father, Ofelia must complete three terrifying tasks.",,,https://image.tmdb.org/t/p/original//7PurMm0gUOJZ8Uk0oyuZlt1CKfJ.jpg,1417,,
316,Inside Man,checked,2006-03-17,25.686,"Crime,Drama,Thriller","When an armed, masked gang enter a Manhattan bank, lock the doors and take hostages, the detective assigned to effect their release enters negotiations preoccupied with corruption charges he is facing.",,,https://image.tmdb.org/t/p/original//mf4i9zZVXMmqWsEb9D0OAY7k3t.jpg,388,,
317,Children of Men,checked,2006-09-22,22.144,"Action,Drama,Science Fiction,Thriller","In 2027, in a chaotic world in which humans can no longer procreate, a former activist agrees to help transport a miraculously pregnant woman to a sanctuary at sea, where her child's birth may help scientists save the future of humankind.",,,https://image.tmdb.org/t/p/original//6GnBsOIi1t4aGuLh3NF9TfU8u37.jpg,9693,,
318,Ice Age: The Meltdown,checked,2006-03-29,21.649,"Adventure,Animation,Comedy,Family","Diego, Manny and Sid return in this sequel to the hit animated movie Ice Age. This time around, the deep freeze is over, and the ice-covered earth is starting to melt, which will destroy the trio's cherished valley. The impending disaster prompts them to reunite and warn all the other beasts about the desperate situation.",,,https://image.tmdb.org/t/p/original//eYff7CWPMCKhIGTos2SzTd3VFbA.jpg,950,,
319,Cars,checked,2006-06-08,21.081,"Animation,Adventure,Comedy,Family","Lightning McQueen, a hotshot rookie race car driven to succeed, discovers that life is about the journey, not the finish line, when he finds himself unexpectedly detoured in the sleepy Route 66 town of Radiator Springs. On route across the country to the big Piston Cup Championship in California to compete against two seasoned pros, McQueen gets to know the town's offbeat characters.",,,https://image.tmdb.org/t/p/original//qa6HCwP4Z15l3hpsASz3auugEW6.jpg,920,,
320,Mission: Impossible III,checked,2006-05-03,20.276,"Action,Adventure,Thriller","Retired from active duty to train new IMF agents, Ethan Hunt is called back into action to confront sadistic arms dealer, Owen Davian. Hunt must try to protect his girlfriend while working with his new team to complete the mission.",,,https://image.tmdb.org/t/p/original//5l0hS4A119jCA1A02XsFZHq1uRD.jpg,956,,
321,The Lives of Others,checked,2006-03-15,19.614,"Drama,Thriller",A tragic love story set in East Berlin with the backdrop of an undercover Stasi controlled culture. Stasi captain Wieler is ordered to follow author Dreyman and plunges deeper and deeper into his life until he reaches the threshold of doubting the system.,,,https://image.tmdb.org/t/p/original//5BCyeLJHPcRwhu0YaRqUzw00JJ4.jpg,582,,
322,Flushed Away,checked,2006-10-22,19.461,"Adventure,Animation,Comedy,Family","London high-society mouse, Roddy is flushed down the toilet by Sid, a common sewer rat. Hang on for a madcap adventure deep in the sewer bowels of Ratropolis, where Roddy meets the resourceful Rita, the rodent-hating Toad and his faithful thugs, Spike and Whitey.",,,https://image.tmdb.org/t/p/original//885fQK8aQw8sQiQVco9ffQZvJ9t.jpg,11619,,
323,Harry Potter and the Order of the Phoenix,checked,2007-06-28,42.563,"Adventure,Fantasy,Mystery","Returning for his fifth year of study at Hogwarts, Harry is stunned to find that his warnings about the return of Lord Voldemort have been ignored. Left with no choice, Harry takes matters into his own hands, training a small group of students – dubbed 'Dumbledore's Army' – to defend themselves against the dark arts.",,,https://image.tmdb.org/t/p/original//g6n8G0xPnBVUIKKK41sNmbZB5h4.jpg,675,,
324,Spider-Man 3,checked,2007-05-01,31.073,"Fantasy,Action,Adventure","The seemingly invincible Spider-Man goes up against an all-new crop of villains—including the shape-shifting Sandman. While Spider-Man’s superpowers are altered by an alien organism, his alter ego, Peter Parker, deals with nemesis Eddie Brock and also gets caught up in a love triangle.",,,https://image.tmdb.org/t/p/original//2jLxKF73SAPkyhIWrnv67IH7kJ1.jpg,559,,
325,Pirates of the Caribbean: At World's End,checked,2007-05-19,30.297,"Action,Adventure,Fantasy","Captain Barbossa, long believed to be dead, has come back to life and is headed to the edge of the Earth with Will Turner and Elizabeth Swann. But nothing is quite as it seems.",,,https://image.tmdb.org/t/p/original//jGWpG4YhpQwVmjyHEGkxEkeRf0S.jpg,285,,
326,I Am Legend,checked,2007-12-14,29.511,"Action,Drama,Horror,Science Fiction,Thriller","Robert Neville is a scientist who was unable to stop the spread of the terrible virus that was incurable and man-made. Immune, Neville is now the last human survivor in what is left of New York City and perhaps the world. For three years, Neville has faithfully sent out daily radio messages, desperate to find any other survivors who might be out there. But he is not alone.",,,https://image.tmdb.org/t/p/original//iPDkaSdKk2jRLTM65UOEoKtsIZ8.jpg,6479,,
327,Zodiac,checked,2007-03-02,28.918,"Crime,Drama,Mystery,Thriller","The true story of the investigation of the ""Zodiac Killer"", a serial killer who terrified the San Francisco Bay Area, taunting police with his ciphers and letters. The case becomes an obsession for three men as their lives and careers are built and destroyed by the endless trail of clues.",,,https://image.tmdb.org/t/p/original//6YmeO4pB7XTh8P8F960O1uA14JO.jpg,1949,,
328,There Will Be Blood,checked,2007-12-28,27.156,Drama,"Ruthless silver miner, turned oil prospector, Daniel Plainview moves to oil-rich California. Using his son to project a trustworthy, family-man image, Plainview cons local landowners into selling him their valuable properties for a pittance. However, local preacher Eli Sunday suspects Plainview's motives and intentions, starting a slow-burning feud that threatens both their lives.",,,https://image.tmdb.org/t/p/original//fa0RDkAlCec0STeMNAhPaF89q6U.jpg,7345,,
329,No Country for Old Men,checked,2007-11-08,25.776,"Crime,Drama,Thriller","Llewelyn Moss stumbles upon dead bodies, $2 million and a hoard of heroin in a Texas desert, but methodical killer Anton Chigurh comes looking for it, with local sheriff Ed Tom Bell hot on his trail. The roles of prey and predator blur as the violent pursuit of money and justice collide.",,,https://image.tmdb.org/t/p/original//6d5XOczc226jECq0LIX0siKtgHR.jpg,6977,,
330,Ratatouille,checked,2007-06-22,25.168,"Animation,Comedy,Fantasy,Family","A rat named Remy dreams of becoming a great French chef despite his family's wishes and the obvious problem of being a rat in a decidedly rodent-phobic profession. When fate places Remy in the sewers of Paris, he finds himself ideally situated beneath a restaurant made famous by his culinary hero, Auguste Gusteau. Despite the apparent dangers of being an unlikely - and certainly unwanted - visitor in the kitchen of a fine French restaurant, Remy's passion for cooking soon sets into motion a hilarious and exciting rat race that turns the culinary world of Paris upside down.",,,https://image.tmdb.org/t/p/original//npHNjldbeTHdKKw28bJKs7lzqzj.jpg,2062,,
331,Hot Fuzz,checked,2007-02-14,24.035,"Crime,Action,Comedy","As a former London constable, Nicholas Angel finds it difficult to adapt to his new assignment in the sleepy British village of Sandford. Not only does he miss the excitement of the big city, but he also has a well-meaning oaf for a partner. However, when a series of grisly accidents rocks Sandford, Angel smells something rotten in the idyllic village.",,,https://image.tmdb.org/t/p/original//zPib4ukTSdXvHP9pxGkFCe34f3y.jpg,4638,,
332,The Bourne Ultimatum,checked,2007-08-03,23.853,"Action,Drama,Mystery,Thriller","Bourne is brought out of hiding once again by reporter Simon Ross who is trying to unveil Operation Blackbriar, an upgrade to Project Treadstone, in a series of newspaper columns. Information from the reporter stirs a new set of memories, and Bourne must finally uncover his dark past while dodging The Company's best efforts to eradicate him.",,,https://image.tmdb.org/t/p/original//d4DuphCHCjVUyffExnK5nLbn39K.jpg,2503,,
333,Michael Clayton,checked,2007-07-12,23.623,"Drama,Thriller",A law firm brings in its 'fixer' to remedy the situation after a lawyer has a breakdown while representing a chemical company that he knows is guilty in a multi-billion dollar class action suit.,,,https://image.tmdb.org/t/p/original//pteOsXsjy4JpPY5jXMYDIo1yZlk.jpg,4566,,
334,Fantastic Four: Rise of the Silver Surfer,checked,2007-06-13,22.53,"Action,Adventure,Fantasy,Thriller","The Fantastic Four return to the big screen as a new and all powerful enemy threatens the Earth. The seemingly unstoppable 'Silver Surfer', but all is not what it seems and there are old and new enemies that pose a greater threat than the intrepid superheroes realize.",,,https://image.tmdb.org/t/p/original//av1QVSc8BWpk1WrSKLRhnbqTjX0.jpg,1979,,
335,Juno,checked,2007-12-05,21.527,"Comedy,Drama,Romance","Faced with an unplanned pregnancy, an offbeat young woman makes an unusual decision regarding her unborn child.",,,https://image.tmdb.org/t/p/original//gu1zTqlHIahhciJ6dPHgFhHWiXf.jpg,7326,,
336,Ocean's Thirteen,checked,2007-06-06,21.431,"Crime,Thriller","Danny Ocean's team of criminals are back and composing a plan more personal than ever. When ruthless casino owner Willy Bank doublecrosses Reuben Tishkoff, causing a heart attack, Danny Ocean vows that he and his team will do anything to bring down Willy Bank along with everything he's got. Even if it means asking for help from an enemy.",,,https://image.tmdb.org/t/p/original//u4l4KgQeNUslDTfIzzB9k021DkU.jpg,298,,
337,Superbad,checked,2007-08-17,21.367,Comedy,Two co-dependent high school seniors are forced to deal with separation anxiety after their plan to stage a booze-soaked party goes awry.,,,https://image.tmdb.org/t/p/original//hqNVGI3tvo7mu6SJVIbmBSIYzA1.jpg,8363,,
338,The Dark Knight,checked,2008-07-16,59.841,"Drama,Action,Crime,Thriller","Batman raises the stakes in his war on crime. With the help of Lt. Jim Gordon and District Attorney Harvey Dent, Batman sets out to dismantle the remaining criminal organizations that plague the streets. The partnership proves to be effective, but they soon find themselves prey to a reign of chaos unleashed by a rising criminal mastermind known to the terrified citizens of Gotham as the Joker.",,,https://image.tmdb.org/t/p/original//qJ2tW6WMUDux911r6m7haRef0WH.jpg,155,,
339,Iron Man,checked,2008-04-30,49.607,"Action,Adventure,Science Fiction","After being held captive in an Afghan cave, billionaire engineer Tony Stark creates a unique weaponized suit of armor to fight evil.",,,https://image.tmdb.org/t/p/original//78lPtwv72eTNqFW9COBYI0dWDJa.jpg,1726,,
340,Quantum of Solace,checked,2008-10-30,40.795,"Action,Adventure,Crime,Thriller","Quantum of Solace continues the adventures of James Bond after Casino Royale. Betrayed by Vesper, the woman he loved, 007 fights the urge to make his latest mission personal. Pursuing his determination to uncover the truth, Bond and M interrogate Mr. White, who reveals that the organization that blackmailed Vesper is far more complex and dangerous than anyone had imagined.",,,https://image.tmdb.org/t/p/original//aSBIBTM2mLYLilRBW6XWVitXAKo.jpg,10764,,
341,WALL·E,checked,2008-06-22,38.861,"Animation,Science Fiction,Family","WALL·E is the last robot left on an Earth that has been overrun with garbage and all humans have fled to outer space. For 700 years he has continued to try and clean up the mess, but has developed some rather interesting human-like qualities. When a ship arrives with a sleek new type of robot, WALL·E thinks he's finally found a friend and stows away on the ship when it leaves.",,,https://image.tmdb.org/t/p/original//3g8vyePqVatTaUSnrNnrrwguhxM.jpg,10681,,
342,Indiana Jones and the Kingdom of the Crystal Skull,checked,2008-05-21,29.623,"Adventure,Action","Set during the Cold War, the Soviets – led by sword-wielding Irina Spalko – are in search of a crystal skull which has supernatural powers related to a mystical Lost City of Gold. After being captured and then escaping from them, Indy is coerced to head to Peru at the behest of a young man whose friend – and Indy's colleague – Professor Oxley has been captured for his knowledge of the skull's whereabouts.",,,https://image.tmdb.org/t/p/original//56As6XEM1flWvprX4LgkPl8ii4K.jpg,217,,
343,The Curious Case of Benjamin Button,checked,2008-12-25,29.434,"Drama,Fantasy,Mystery,Thriller,Romance","Born under unusual circumstances, Benjamin Button springs into being as an elderly man in a New Orleans nursing home and ages in reverse. Twelve years after his birth, he meets Daisy, a child who flits in and out of his life as she grows up to be a dancer. Though he has all sorts of unusual adventures over the course of his life, it is his relationship with Daisy, and the hope that they will come together at the right time, that drives Benjamin forward.",,,https://image.tmdb.org/t/p/original//9H2awZmNisMVJGp362Stv0bfUTs.jpg,4922,,
344,Kung Fu Panda,checked,2008-06-04,27.685,"Adventure,Animation,Comedy,Family","When the Valley of Peace is threatened, lazy Po the panda discovers his destiny as the ""chosen one"" and trains to become a kung fu hero, but transforming the unsleek slacker into a brave warrior won't be easy. It's up to Master Shifu and the Furious Five -- Tigress, Crane, Mantis, Viper and Monkey -- to give it a try.",,,https://image.tmdb.org/t/p/original//wWt4JYXTg5Wr3xBW2phBrMKgp3x.jpg,9502,,
345,Cloverfield,checked,2008-01-15,26.541,"Action,Science Fiction,Thriller","Five young New Yorkers throw their friend a going-away party the night that a monster the size of a skyscraper descends upon the city. Told from the point of view of their video camera, the film is a document of their attempt to survive the most surreal, horrifying event of their lives.",,,https://image.tmdb.org/t/p/original//qIegUGJqyMMCRjkKV1s7A9MqdJ8.jpg,7191,,
346,Slumdog Millionaire,checked,2008-05-12,25.192,"Drama,Romance","Jamal Malik is an impoverished Indian teen who becomes a contestant on the Hindi version of ‘Who Wants to Be a Millionaire?’ but, after he wins, he is suspected of cheating.",,,https://image.tmdb.org/t/p/original//5WU6uusqJrLfiBaNs3KpF4o8Lnj.jpg,12405,,
347,The Incredible Hulk,checked,2008-06-12,24.548,"Action,Adventure,Science Fiction","Scientist Bruce Banner scours the planet for an antidote to the unbridled force of rage within him: the Hulk. But when the military masterminds who dream of exploiting his powers force him back to civilization, he finds himself coming face to face with a new, deadly foe.",,,https://image.tmdb.org/t/p/original//vcFeElC8eXI668WSIxcDNkJSBxv.jpg,1724,,
348,The Hurt Locker,checked,2008-10-10,22.616,"Drama,Thriller,War","Forced to play a dangerous game of cat-and-mouse in the chaos of war, an elite Army bomb squad unit must come together in a city where everyone is a potential enemy and every object could be a deadly bomb.",,,https://image.tmdb.org/t/p/original//8SwjvOchYljr7tSKpNeHjpyPbg5.jpg,12162,,
349,Gran Torino,checked,2008-12-09,22.577,Drama,"Widower Walt Kowalski is a grumpy, prejudiced, tough-minded, unhappy, old, Korean War veteran who can't get along with either his kids or his neighbours. His prize possession is a 1972 Gran Torino he keeps in mint condition. When his neighbour, Thao—a young Hmong teenager under pressure from his gang member cousin—tries to steal his Gran Torino, Walt sets out to reform the youth and takes steps to protect Thao and his family from the gangs that infest their neighborhood.",,,https://image.tmdb.org/t/p/original//w3zz8djZKknVpkpHi0I7kqibzbC.jpg,13223,,
350,In Bruges,checked,2008-02-08,21.752,"Comedy,Drama,Crime","Ray and Ken, two hit men, are in Bruges, Belgium, waiting for their next mission. While they are there they have time to think and discuss their previous assignment. When the mission is revealed to Ken, it is not what he expected.",,,https://image.tmdb.org/t/p/original//jMiBBqk72VRo1Y39x2ZbbenEU3a.jpg,8321,,
351,Avatar,checked,2009-12-10,57.578,"Action,Adventure,Fantasy,Science Fiction","In the 22nd century, a paraplegic Marine is dispatched to the moon Pandora on a unique mission, but becomes torn between following orders and protecting an alien civilization.",,,https://image.tmdb.org/t/p/original//6EiRUJpuoeQPghrs3YNktfnqOVh.jpg,19995,,
352,Inglourious Basterds,checked,2009-08-18,45.326,"Action,Drama,Thriller,War","In Nazi-occupied France during World War II, a group of Jewish-American soldiers known as ""The Basterds"" are chosen specifically to spread fear throughout the Third Reich by scalping and brutally killing Nazis. The Basterds, lead by Lt. Aldo Raine soon cross paths with a French-Jewish teenage girl who runs a movie theater in Paris which is targeted by the soldiers.",,,https://image.tmdb.org/t/p/original//7sfbEnaARXDDhKm0CZ7D7uc2sbo.jpg,16869,,
353,Harry Potter and the Half-Blood Prince,checked,2009-07-07,40.353,"Adventure,Fantasy","As Harry begins his sixth year at Hogwarts, he discovers an old book marked as 'Property of the Half-Blood Prince', and begins to learn more about Lord Voldemort's dark past.",,,https://image.tmdb.org/t/p/original//Ag21otqbeynZPGjEbzyr3X5Us0j.jpg,767,,
354,2012,checked,2009-10-10,31.078,"Action,Adventure,Science Fiction","Dr. Adrian Helmsley, part of a worldwide geophysical team investigating the effect on the earth of radiation from unprecedented solar storms, learns that the earth's core is heating up. He warns U.S. President Thomas Wilson that the crust of the earth is becoming unstable and that without proper preparations for saving a fraction of the world's population, the entire race is doomed. Meanwhile, writer Jackson Curtis stumbles on the same information. While the world's leaders race to build ""arks"" to escape the impending cataclysm, Curtis struggles to find a way to save his family. Meanwhile, volcanic eruptions and earthquakes of unprecedented strength wreak havoc around the world.",,,https://image.tmdb.org/t/p/original//6NGuxp2ysgv539S9EpfVngsUdD.jpg,14161,,
355,Up,checked,2009-05-28,30.22,"Adventure,Animation,Comedy,Family","Carl Fredricksen spent his entire life dreaming of exploring the globe and experiencing life to its fullest. But at age 78, life seems to have passed him by, until a twist of fate (and a persistent 8-year old Wilderness Explorer named Russell) gives him a new lease on life.",,,https://image.tmdb.org/t/p/original//rIfKIYMbwVlnAXOOaQRsm34GW3S.jpg,14160,,
356,Terminator Salvation,checked,2009-05-20,29.416,"Action,Science Fiction,Thriller","All grown up in post-apocalyptic 2018, John Connor must lead the resistance of humans against the increasingly dominating militaristic robots. But when Marcus Wright appears, his existence confuses the mission as Connor tries to determine whether Wright has come from the future or the past -- and whether he's friend or foe.",,,https://image.tmdb.org/t/p/original//gw6JhlekZgtKUFlDTezq3j5JEPK.jpg,534,,
357,The Hangover,checked,2009-06-02,28.783,Comedy,"When three friends finally come to after a raucous night of bachelor-party revelry, they find a baby in the closet and a tiger in the bathroom. But they can't seem to locate their best friend, Doug – who's supposed to be tying the knot. Launching a frantic search for Doug, the trio perseveres through a nasty hangover to try to make it to the church on time.",,,https://image.tmdb.org/t/p/original//uluhlXubGu1VxU63X9VHCLWDAYP.jpg,18785,,
358,Moon,checked,2009-06-12,25.064,"Drama,Science Fiction","With only three weeks left in his three year contract, Sam Bell is getting anxious to finally return to Earth. He is the only occupant of a Moon-based manufacturing facility along with his computer and assistant, GERTY. When he has an accident however, he wakens to find that he is not alone.",,,https://image.tmdb.org/t/p/original//8MgjEszEYY6tW4aNsFMo7zYjytR.jpg,17431,,
359,Star Trek,checked,2009-05-06,23.774,"Science Fiction,Action,Adventure","The fate of the galaxy rests in the hands of bitter rivals. One, James Kirk, is a delinquent, thrill-seeking Iowa farm boy. The other, Spock, a Vulcan, was raised in a logic-based society that rejects all emotion. As fiery instinct clashes with calm reason, their unlikely but powerful partnership is the only thing capable of leading their crew through unimaginable danger, boldly going where no one has gone before. The human adventure has begun again.",,,https://image.tmdb.org/t/p/original//hN2ZtF3Uw6mhIHZiqL0SKzELtKn.jpg,13475,,
360,District 9,checked,2009-08-05,23.096,Science Fiction,"Thirty years ago, aliens arrive on Earth. Not to conquer or give aid, but to find refuge from their dying planet. Separated from humans in a South African area called District 9, the aliens are managed by Multi-National United, which is unconcerned with the aliens' welfare but will do anything to master their advanced technology. When a company field agent contracts a mysterious virus that begins to alter his DNA, there is only one place he can hide: District 9.",,,https://image.tmdb.org/t/p/original//tuGlQkqLxnodDSk6mp5c2wvxUEd.jpg,17654,,
361,Inception,checked,2010-07-15,75.857,"Action,Science Fiction,Adventure","Cobb, a skilled thief who commits corporate espionage by infiltrating the subconscious of his targets is offered a chance to regain his old life as payment for a task considered to be impossible: ""inception"", the implantation of another person's idea into a target's subconscious.",,,https://image.tmdb.org/t/p/original//9gk7adHYeDvHkCSEqAvQNLV5Uge.jpg,27205,,
362,Shutter Island,checked,2010-02-14,40.119,"Drama,Mystery,Thriller","World War II soldier-turned-U.S. Marshal Teddy Daniels investigates the disappearance of a patient from a hospital for the criminally insane, but his efforts are compromised by his troubling visions and also by a mysterious doctor.",,,https://image.tmdb.org/t/p/original//kve20tXwUZpu4GUX8l6X7Z4jmL6.jpg,11324,,
363,Harry Potter and the Deathly Hallows: Part 1,checked,2010-10-17,39.187,"Adventure,Fantasy","Harry, Ron and Hermione walk away from their last year at Hogwarts to find and destroy the remaining Horcruxes, putting an end to Voldemort's bid for immortality. But with Harry's beloved Dumbledore dead and Voldemort's unscrupulous Death Eaters on the loose, the world is more dangerous than ever.",,,https://image.tmdb.org/t/p/original//iGoXIpQb7Pot00EEdwpwPajheZ5.jpg,12444,,
364,Toy Story 3,checked,2010-06-16,34.414,"Animation,Family,Comedy","Woody, Buzz, and the rest of Andy's toys haven't been played with in years. With Andy about to go to college, the gang find themselves accidentally left at a nefarious day care center. The toys must band together to escape and return home to Andy.",,,https://image.tmdb.org/t/p/original//a83hHwstUsEEjE55kTgDkZMFweR.jpg,10193,,
365,Despicable Me,checked,2010-07-08,34,"Animation,Family","Villainous Gru lives up to his reputation as a despicable, deplorable and downright unlikable guy when he hatches a plan to steal the moon from the sky. But he has a tough time staying on task after three orphans land in his care.",,,https://image.tmdb.org/t/p/original//wqtH95Ri9Au2euC4p86lLoFCJQk.jpg,20352,,
366,Iron Man 2,checked,2010-04-28,33.578,"Action,Adventure,Science Fiction","With the world now aware of his dual life as the armored superhero Iron Man, billionaire inventor Tony Stark faces pressure from the government, the press and the public to share his technology with the military. Unwilling to let go of his invention, Stark, with Pepper Potts and James 'Rhodey' Rhodes at his side, must forge new alliances – and confront powerful enemies.",,,https://image.tmdb.org/t/p/original//6WBeq4fCfn7AN0o21W9qNcRF2l9.jpg,10138,,
367,How to Train Your Dragon,checked,2010-03-10,29.633,"Adventure,Animation,Fantasy,Family","As the son of a Viking leader on the cusp of manhood, shy Hiccup Horrendous Haddock III faces a rite of passage: he must kill a dragon to prove his warrior mettle. But after downing a feared dragon, he realizes that he no longer wants to destroy it, and instead befriends the beast – which he names Toothless – much to the chagrin of his warrior father",,,https://image.tmdb.org/t/p/original//ygGmAO60t8GyqUo9xYeYxSZAR3b.jpg,10191,,
368,Black Swan,checked,2010-12-03,27.636,"Drama,Horror,Thriller",A journey through the psyche of a young ballerina whose starring role as the duplicitous swan queen turns out to be a part for which she becomes frighteningly perfect.,,,https://image.tmdb.org/t/p/original//rH19vkjAzCZ0HIUvrgB3rowm68h.jpg,44214,,
369,The Social Network,checked,2010-10-01,27.282,Drama,"On a fall night in 2003, Harvard undergrad and computer programming genius Mark Zuckerberg sits down at his computer and heatedly begins working on a new idea. In a fury of blogging and programming, what begins in his dorm room as a small site among friends soon becomes a global social network and a revolution in communication. A mere six years and 500 million friends later, Mark Zuckerberg is the youngest billionaire in history... but for this entrepreneur, success leads to both personal and legal complications.",,,https://image.tmdb.org/t/p/original//n0ybibhJtQ5icDqTp8eRytcIHJx.jpg,37799,,
370,Kick-Ass,checked,2010-03-22,25.923,"Action,Crime","Dave Lizewski is an unnoticed high school student and comic book fan who one day decides to become a super-hero, even though he has no powers, training or meaningful reason to do so.",,,https://image.tmdb.org/t/p/original//2b3nofmXDfdn7bsM6zS9Upsa832.jpg,23483,,
371,TRON: Legacy,checked,2010-12-10,24.966,"Action,Adventure,Science Fiction","Sam Flynn, the tech-savvy and daring son of Kevin Flynn, investigates his father's disappearance and is pulled into The Grid. With the help of a mysterious program named Quorra, Sam quests to stop evil dictator Clu from crossing into the real world.",,,https://image.tmdb.org/t/p/original//okpodI7zyPwWsAm2yF5yva6Ea5h.jpg,20526,,
372,The King's Speech,checked,2010-09-06,24.245,"Drama,History","The King's Speech tells the story of the man who became King George VI, the father of Queen Elizabeth II. After his brother abdicates, George ('Bertie') reluctantly assumes the throne. Plagued by a dreaded stutter and considered unfit to be king, Bertie engages the help of an unorthodox speech therapist named Lionel Logue. Through a set of unexpected techniques, and as a result of an unlikely friendship, Bertie is able to find his voice and boldly lead the country into war.",,,https://image.tmdb.org/t/p/original//uQ538BfYLDJh3GXlzRZLo0j7PFj.jpg,45269,,
373,Alice in Wonderland,checked,2010-03-03,24.077,"Adventure,Fantasy,Family","Alice, an unpretentious and individual 19-year-old, is betrothed to a dunce of an English nobleman. At her engagement party, she escapes the crowd to consider whether to go through with the marriage and falls down a hole in the garden after spotting an unusual rabbit. Arriving in a strange and surreal place called 'Underland,' she finds herself in a world that resembles the nightmares she had as a child, filled with talking animals, villainous queens and knights, and frumious bandersnatches. Alice realizes that she is there for a reason – to conquer the horrific Jabberwocky and restore the rightful queen to her throne.",,,https://image.tmdb.org/t/p/original//o0kre9wRCZz3jjSjaru7QU0UtFz.jpg,12155,,
374,Harry Potter and the Deathly Hallows: Part 2,checked,2011-07-07,51.173,"Adventure,Fantasy","Harry, Ron and Hermione continue their quest to vanquish the evil Voldemort once and for all. Just as things begin to look hopeless for the young wizards, Harry discovers a trio of magical objects that endow him with powers to rival Voldemort's formidable skills.",,,https://image.tmdb.org/t/p/original//da22ZBmrDOXOCDRvr8Gic8ldhv4.jpg,12445,,
375,Thor,checked,2011-04-21,43.237,"Action,Adventure,Fantasy","Against his father Odin's will, The Mighty Thor - a powerful but arrogant warrior god - recklessly reignites an ancient war. Thor is cast down to Earth and forced to live among humans as punishment. Once here, Thor learns what it takes to be a true hero when the most dangerous villain of his world sends the darkest forces of Asgard to invade Earth.",,,https://image.tmdb.org/t/p/original//prSfAi1xGrhLQNxVSUFh61xQ4Qy.jpg,10195,,
376,Pirates of the Caribbean: On Stranger Tides,checked,2011-05-14,39.139,"Action,Adventure,Fantasy","Captain Jack Sparrow crosses paths with a woman from his past, and he's not sure if it's love -- or if she's a ruthless con artist who's using him to find the fabled Fountain of Youth. When she forces him aboard the Queen Anne's Revenge, the ship of the formidable pirate Blackbeard, Jack finds himself on an unexpected adventure in which he doesn't know who to fear more: Blackbeard or the woman from his past.",,,https://image.tmdb.org/t/p/original//keGfSvCmYj7CvdRx36OdVrAEibE.jpg,1865,,
377,Mission: Impossible - Ghost Protocol,checked,2011-12-07,37.571,"Action,Adventure,Thriller","Ethan Hunt and his team are racing against time to track down a dangerous terrorist named Hendricks, who has gained access to Russian nuclear launch codes and is planning a strike on the United States. An attempt to stop him ends in an explosion causing severe destruction to the Kremlin and the IMF to be implicated in the bombing, forcing the President to disavow them. No longer being aided by the government, Ethan and his team chase Hendricks around the globe, although they might still be too late to stop a disaster.",,,https://image.tmdb.org/t/p/original//7GCKNRbzcA4rJXAKoE8KS9IDnZP.jpg,56292,,
378,The Girl with the Dragon Tattoo,checked,2011-12-14,32.531,"Thriller,Crime,Mystery,Drama","This English-language adaptation of the Swedish novel by Stieg Larsson follows a disgraced journalist, Mikael Blomkvist, as he investigates the disappearance of a weary patriarch's niece from 40 years ago. He is aided by the pierced, tattooed, punk computer hacker named Lisbeth Salander. As they work together in the investigation, Blomkvist and Salander uncover immense corruption beyond anything they have ever imagined.",,,https://image.tmdb.org/t/p/original//vbLedKc1BUF4FOH1GyHW62FulCc.jpg,65754,,
379,The Hangover Part II,checked,2011-05-25,29.67,Comedy,"The Hangover crew heads to Thailand for Stu's wedding. After the disaster of a bachelor party in Las Vegas last year, Stu is playing it safe with a mellow pre-wedding brunch. However, nothing goes as planned and Bangkok is the perfect setting for another adventure with the rowdy group.",,,https://image.tmdb.org/t/p/original//cKZu0Fdkj7dmwbfMpgDqVVCkLJQ.jpg,45243,,
380,Source Code,checked,2011-03-30,29.05,"Mystery,Science Fiction,Thriller","Decorated soldier Captain Colter Stevens wakes up in the body of an unknown man, discovering he's involved in a mission to find the bomber of a Chicago commuter train. He learns he's part of a top-secret experimental program that enables him to experience the final 8 minutes of another person's life. Colter re-lives the train incident over and over again, gathering more clues each time.",,,https://image.tmdb.org/t/p/original//AtQDTlj3MFOXJd5C9OopaRo3rRo.jpg,45612,,
381,Drive,checked,2011-08-06,26.954,"Crime,Drama,Thriller","Driver is a skilled Hollywood stuntman who moonlights as a getaway driver for criminals. Though he projects an icy exterior, lately he's been warming up to a pretty neighbor named Irene and her young son, Benicio. When Irene's husband gets out of jail, he enlists Driver's help in a million-dollar heist. The job goes horribly wrong, and Driver must risk his life to protect Irene and Benicio from the vengeful masterminds behind the robbery.",,,https://image.tmdb.org/t/p/original//602vevIURmpDfzbnv5Ubi6wIkQm.jpg,64690,,
382,Rise of the Planet of the Apes,checked,2011-08-03,26.242,"Action,Drama,Science Fiction,Thriller","Scientist Will Rodman is determined to find a cure for Alzheimer's, the disease which has slowly consumed his father. Will feels certain he is close to a breakthrough and tests his latest serum on apes, noticing dramatic increases in intelligence and brain activity in the primate subjects – especially Caesar, his pet chimpanzee.",,,https://image.tmdb.org/t/p/original//cjLsuP75UDlRdJVMXzXg3TJ4umX.jpg,61791,,
383,Moneyball,checked,2011-09-22,25.377,Drama,"The story of Oakland Athletics general manager Billy Beane's successful attempt to put together a baseball team on a budget, by employing computer-generated analysis to draft his players.",,,https://image.tmdb.org/t/p/original//4yIQq1e6iOcaZ5rLDG3lZBP3j7a.jpg,60308,,
384,Sherlock Holmes: A Game of Shadows,checked,2011-11-22,24.123,"Action,Adventure,Crime,Mystery","There is a new criminal mastermind at large (Professor Moriarty) and not only is he Holmes’ intellectual equal, but his capacity for evil and lack of conscience may give him an advantage over the  detective.",,,https://image.tmdb.org/t/p/original//y1MYZkwhZK6L0Jy4YMuPktzDOfn.jpg,58574,,
385,Captain America: The First Avenger,checked,2011-07-22,24.034,"Action,Adventure,Science Fiction","During World War II, Steve Rogers is a sickly man from Brooklyn who's transformed into super-soldier Captain America to aid in the war effort. Rogers must stop the Red Skull – Adolf Hitler's ruthless head of weaponry, and the leader of an organization that intends to use a mysterious device of untold powers for world domination.",,,https://image.tmdb.org/t/p/original//vSNxAJTlD0r02V9sPYpOjqDZXUK.jpg,1771,,
386,The Avengers,checked,2012-04-25,57.679,"Action,Adventure,Science Fiction","When an unexpected enemy emerges and threatens global safety and security, Nick Fury, director of the international peacekeeping agency known as S.H.I.E.L.D., finds himself in need of a team to pull the world back from the brink of disaster. Spanning the globe, a daring recruitment effort begins!",,,https://image.tmdb.org/t/p/original//RYMX2wcKCBAr24UyPD7xwmjaTn.jpg,24428,,
387,Django Unchained,checked,2012-12-25,42.773,"Drama,Western","With the help of a German bounty hunter, a freed slave sets out to rescue his wife from a brutal Mississippi plantation owner.",,,https://image.tmdb.org/t/p/original//7oWY8VDWW7thTzWh3OKYRkWUlD5.jpg,68718,,
388,Brave,checked,2012-06-21,42.25,"Action,Adventure,Animation,Comedy,Fantasy,Family","Brave is set in the mystical Scottish Highlands, where Mérida is the princess of a kingdom ruled by King Fergus and Queen Elinor. An unruly daughter and an accomplished archer, Mérida one day defies a sacred custom of the land and inadvertently brings turmoil to the kingdom. In an attempt to set things right, Mérida seeks out an eccentric old Wise Woman and is granted an ill-fated wish. Also figuring into Mérida’s quest — and serving as comic relief — are the kingdom’s three lords: the enormous Lord MacGuffin, the surly Lord Macintosh, and the disagreeable Lord Dingwall.",,,https://image.tmdb.org/t/p/original//fg57nIBn2xQw8JZKIX6AzMa3pEp.jpg,62177,,
389,Skyfall,checked,2012-10-25,40.393,"Action,Adventure,Thriller","When Bond's latest assignment goes gravely wrong and agents around the world are exposed, MI6 is attacked forcing M to relocate the agency. These events cause her authority and position to be challenged by Gareth Mallory, the new Chairman of the Intelligence and Security Committee. With MI6 now compromised from both inside and out, M is left with one ally she can trust: Bond. 007 takes to the shadows - aided only by field agent, Eve - following a trail to the mysterious Silva, whose lethal and hidden motives have yet to reveal themselves.",,,https://image.tmdb.org/t/p/original//i3pzXFFLePz5hro9uaVk0E4ZPAO.jpg,37724,,
390,The Hobbit: An Unexpected Journey,checked,2012-11-26,37.908,"Action,Adventure,Fantasy","Bilbo Baggins, a hobbit enjoying his quiet life, is swept into an epic quest by Gandalf the Grey and thirteen dwarves who seek to reclaim their mountain home from Smaug, the dragon.",,,https://image.tmdb.org/t/p/original//yHA9Fc37VmpUA5UncTxxo3rTGVA.jpg,49051,,
391,The Amazing Spider-Man,checked,2012-06-23,37.017,"Action,Adventure,Fantasy","Peter Parker is an outcast high schooler abandoned by his parents as a boy, leaving him to be raised by his Uncle Ben and Aunt May. Like most teenagers, Peter is trying to figure out who he is and how he got to be the person he is today. As Peter discovers a mysterious briefcase that belonged to his father, he begins a quest to understand his parents' disappearance – leading him directly to Oscorp and the lab of Dr. Curt Connors, his father's former partner. As Spider-Man is set on a collision course with Connors' alter ego, The Lizard, Peter will make life-altering choices to use his powers and shape his destiny to become a hero.",,,https://image.tmdb.org/t/p/original//jIfkQNARYyERqRAq1p1c8xgePp4.jpg,1930,,
392,Prometheus,checked,2012-05-30,33.602,"Adventure,Mystery,Science Fiction","A team of explorers discover a clue to the origins of mankind on Earth, leading them on a journey to the darkest corners of the universe. There, they must fight a terrifying battle to save the future of the human race.",,,https://image.tmdb.org/t/p/original//qsYQflQhOuhDpQ0W2aOcwqgDAeI.jpg,70981,,
393,Men in Black 3,checked,2012-05-23,32.121,"Action,Comedy,Science Fiction","Agents J and K are back...in time. J has seen some inexplicable things in his 15 years with the Men in Black, but nothing, not even aliens, perplexes him as much as his wry, reticent partner. But when K's life and the fate of the planet are put at stake, Agent J will have to travel back in time to put things right. J discovers that there are secrets to the universe that K never told him - secrets that will reveal themselves as he teams up with the young Agent K to save his partner, the agency, and the future of humankind.",,,https://image.tmdb.org/t/p/original//e7kebbtwqzqam6l11aQNl7lXMs0.jpg,41154,,
394,Wreck-It Ralph,checked,2012-11-01,31.918,"Adventure,Animation,Comedy,Family","Wreck-It Ralph is the 9-foot-tall, 643-pound villain of an arcade video game named Fix-It Felix Jr., in which the game's titular hero fixes buildings that Ralph destroys. Wanting to prove he can be a good guy and not just a villain, Ralph escapes his game and lands in Hero's Duty, a first-person shooter where he helps the game's hero battle against alien invaders. He later enters Sugar Rush, a kart racing game set on tracks made of candies, cookies and other sweets. There, Ralph meets Vanellope von Schweetz who has learned that her game is faced with a dire threat that could affect the entire arcade, and one that Ralph may have inadvertently started.",,,https://image.tmdb.org/t/p/original//j8M1kHBAXa6KFNzGnWtdsVsLUro.jpg,82690,,
395,The Dark Knight Rises,checked,2012-07-16,31.232,"Action,Crime,Drama,Thriller","Following the death of District Attorney Harvey Dent, Batman assumes responsibility for Dent's crimes to protect the late attorney's reputation and is subsequently hunted by the Gotham City Police Department. Eight years later, Batman encounters the mysterious Selina Kyle and the villainous Bane, a new terrorist leader who overwhelms Gotham's finest. The Dark Knight resurfaces to protect a city that has branded him an enemy.",,,https://image.tmdb.org/t/p/original//85cWkCVftiVs0BVey6pxX8uNmLt.jpg,49026,,
396,Ted,checked,2012-06-29,27.395,"Comedy,Fantasy","John Bennett, a man whose childhood wish of bringing his teddy bear to life came true, now must decide between keeping the relationship with the bear or his girlfriend, Lori.",,,https://image.tmdb.org/t/p/original//rf6k1sjGSVavqLhwyYoKeOuExez.jpg,72105,,
397,Ice Age: Continental Drift,checked,2012-06-26,27.275,"Adventure,Animation,Comedy,Family","Manny, Diego, and Sid embark upon another adventure after their continent is set adrift. Using an iceberg as a ship, they encounter sea creatures and battle pirates as they explore a new world.",,,https://image.tmdb.org/t/p/original//yOfD2eO44xnKR63nJpoktCX6cUW.jpg,57800,,
398,Frozen,checked,2013-11-27,49.345,"Adventure,Animation,Family","Young princess Anna of Arendelle dreams about finding true love at her sister Elsa’s coronation. Fate takes her on a dangerous journey in an attempt to end the eternal winter that has fallen over the kingdom. She's accompanied by ice delivery man Kristoff, his reindeer Sven, and snowman Olaf. On an adventure where she will find out what friendship, courage, family, and true love really means.",,,https://image.tmdb.org/t/p/original//kgwjIb2JDHRhNk13lmSxiClFjVk.jpg,109445,,
399,The Wolf of Wall Street,checked,2013-12-25,43.338,"Comedy,Crime,Drama","A New York stockbroker refuses to cooperate in a large securities fraud case involving corruption on Wall Street, corporate banking world and mob infiltration. Based on Jordan Belfort's autobiography.",,,https://image.tmdb.org/t/p/original//sOxr33wnRuKazR9ClHek73T8qnK.jpg,106646,,
400,Man of Steel,checked,2013-06-12,39.983,"Action,Adventure,Fantasy,Science Fiction","A young boy learns that he has extraordinary powers and is not of this earth. As a young man, he journeys to discover where he came from and what he was sent here to do. But the hero in him must emerge if he is to save the world from annihilation and become the symbol of hope for all mankind.",,,https://image.tmdb.org/t/p/original//7rIPjn5TUK04O25ZkMyHrGNPgLx.jpg,49521,,
401,Thor: The Dark World,checked,2013-10-29,35.711,"Action,Adventure,Fantasy","Thor fights to restore order across the cosmos… but an ancient race led by the vengeful Malekith returns to plunge the universe back into darkness. Faced with an enemy that even Odin and Asgard cannot withstand, Thor must embark on his most perilous and personal journey yet, one that will reunite him with Jane Foster and force him to sacrifice everything to save us all.",,,https://image.tmdb.org/t/p/original//wp6OxE4poJ4G7c0U2ZIXasTSMR7.jpg,76338,,
402,Despicable Me 2,checked,2013-06-25,35.646,"Animation,Comedy,Family",Gru is recruited by the Anti-Villain League to help deal with a powerful new super criminal.,,,https://image.tmdb.org/t/p/original//zhNirNChLkDv9YCEStn857h7BoI.jpg,93456,,
403,Iron Man 3,checked,2013-04-18,33.954,"Action,Adventure,Science Fiction","When Tony Stark's world is torn apart by a formidable terrorist called the Mandarin, he starts an odyssey of rebuilding and retribution.",,,https://image.tmdb.org/t/p/original//qhPtAc1TKbMPqNvcdXSOn9Bn7hZ.jpg,68721,,
404,Oblivion,checked,2013-04-10,31.353,"Action,Adventure,Mystery,Science Fiction","Jack Harper is one of the last few drone repairmen stationed on Earth.  Part of a massive operation to extract vital resources after decades of war with a terrifying threat known as the Scavs, Jack’s mission is nearly complete.  His existence is brought crashing down when he rescues a beautiful  stranger from a downed spacecraft.  Her arrival triggers a chain of events that  forces him to question everything he knows and puts the fate of humanity in his hands.",,,https://image.tmdb.org/t/p/original//2ncs7hqBsEjFMqt6Y7ShBCO9tWs.jpg,75612,,
405,Gravity,checked,2013-10-03,30.996,"Drama,Science Fiction,Thriller","Dr. Ryan Stone, a brilliant medical engineer on her first Shuttle mission, with veteran astronaut Matt Kowalsky in command of his last flight before retiring. But on a seemingly routine spacewalk, disaster strikes. The Shuttle is destroyed, leaving Stone and Kowalsky completely alone-tethered to nothing but each other and spiraling out into the blackness of space. The deafening silence tells them they have lost any link to Earth and any chance for rescue. As fear turns to panic, every gulp of air eats away at what little oxygen is left. But the only way home may be to go further out into the terrifying expanse of space.",,,https://image.tmdb.org/t/p/original//nGdGlz45Vt2dJiX2AljerQDSwIM.jpg,49047,,
406,Snowpiercer,checked,2013-08-01,28.677,"Action,Drama,Science Fiction","In a future where a failed global-warming experiment kills off most life on the planet, a class system evolves aboard the Snowpiercer, a train that travels around the globe via a perpetual-motion engine.",,,https://image.tmdb.org/t/p/original//9JPx09Rr0Txq2eSQfjq1DEBR5cx.jpg,110415,,
407,Prisoners,checked,2013-09-18,28.478,"Crime,Drama,Thriller","When Keller Dover's daughter and her friend go missing, he takes matters into his own hands as the police pursue multiple leads and the pressure mounts. But just how far will this desperate father go to protect his family?",,,https://image.tmdb.org/t/p/original//uhviyknTT5cEQXbn6vWIqfM4vGm.jpg,146233,,
408,Elysium,checked,2013-08-07,25.709,"Action,Drama,Science Fiction,Thriller","In the year 2159, two classes of people exist: the very wealthy who live on a pristine man-made space station called Elysium, and the rest, who live on an overpopulated, ruined Earth. Secretary Rhodes (Jodie Foster), a hard line government ofﬁcial, will stop at nothing to enforce anti-immigration laws and preserve the luxurious lifestyle of the citizens of Elysium. That doesn’t stop the people of Earth from trying to get in, by any means they can. When unlucky Max (Matt Damon) is backed into a corner, he agrees to take on a daunting mission that, if successful, will not only save his life, but could bring equality to these polarized worlds.",,,https://image.tmdb.org/t/p/original//6hVMt55kzUHvxnc5lduqXyMh8VP.jpg,68724,,
409,The Hunger Games: Catching Fire,checked,2013-11-15,24.666,"Adventure,Action,Science Fiction","Katniss Everdeen has returned home safe after winning the 74th Annual Hunger Games along with fellow tribute Peeta Mellark. Winning means that they must turn around and leave their family and close friends, embarking on a ""Victor's Tour"" of the districts. Along the way Katniss senses that a rebellion is simmering, but the Capitol is still very much in control as President Snow prepares the 75th Annual Hunger Games (The Quarter Quell) - a competition that could change Panem forever.",,,https://image.tmdb.org/t/p/original//7c1JtraYsjMMnk8Md0IMoyRzqZJ.jpg,101299,,
410,The Hobbit: The Battle of the Five Armies,checked,2014-12-10,68.394,"Action,Adventure,Fantasy","Immediately after the events of The Desolation of Smaug, Bilbo and the dwarves try to defend Erebor's mountain of treasure from others who claim it: the men of the ruined Laketown and the elves of Mirkwood. Meanwhile an army of Orcs led by Azog the Defiler is marching on Erebor, fueled by the rise of the dark lord Sauron. Dwarves, elves and men must unite, and the hope for Middle-Earth falls into Bilbo's hands.",,,https://image.tmdb.org/t/p/original//xT98tLqatZPQApyRmlPL12LtiWp.jpg,122917,,
411,Interstellar,checked,2014-11-05,58.061,"Adventure,Drama,Science Fiction",Interstellar chronicles the adventures of a group of explorers who make use of a newly discovered wormhole to surpass the limitations on human space travel and conquer the vast distances involved in an interstellar voyage.,,,https://image.tmdb.org/t/p/original//gEU2QniE6E77NI6lCU6MxlNBvIx.jpg,157336,,
412,The Hunger Games: Mockingjay - Part 1,checked,2014-11-19,57.506,"Adventure,Science Fiction,Thriller",Katniss Everdeen reluctantly becomes the symbol of a mass rebellion against the autocratic Capitol.,,,https://image.tmdb.org/t/p/original//4FAA18ZIja70d1Tu5hr5cj2q1sB.jpg,131631,,
413,Gone Girl,checked,2014-10-01,57.702,"Drama,Mystery,Thriller","With his wife's disappearance having become the focus of an intense media circus, a man sees the spotlight turned on him when it's suspected that he may not be innocent.",,,https://image.tmdb.org/t/p/original//tQf4DUygWo64AOuqgk4jEDCE3Ws.jpg,210577,,
414,Big Hero 6,checked,2014-10-24,55.613,"Action,Adventure,Animation,Comedy,Family","The special bond that develops between plus-sized inflatable robot Baymax, and prodigy Hiro Hamada, who team up with a group of friends to form a band of high-tech heroes.",,,https://image.tmdb.org/t/p/original//xozrGME58olN1xBhtxmjpOoY0jH.jpg,177572,,
415,The Equalizer,checked,2014-09-24,49.157,"Thriller,Action,Crime","McCall believes he has put his mysterious past behind him and dedicated himself to beginning a new, quiet life. But when he meets Teri, a young girl under the control of ultra-violent Russian gangsters, he can’t stand idly by – he has to help her. Armed with hidden skills that allow him to serve vengeance against anyone who would brutalize the helpless, McCall comes out of his self-imposed retirement and finds his desire for justice reawakened. If someone has a problem, if the odds are stacked against them, if they have nowhere else to turn, McCall will help. He is The Equalizer.",,,https://image.tmdb.org/t/p/original//5tb6sejph4zJKC1vrkwPiA2EjXZ.jpg,156022,,
416,Whiplash,checked,2014-10-10,36.75,"Drama,Music","Under the direction of a ruthless instructor, a talented young drummer begins to pursue perfection at any cost, even his humanity.",,,https://image.tmdb.org/t/p/original//qq8xf2SQqHifUUyc0k6Hj1065f1.jpg,244786,,
417,Fury,checked,2014-10-15,47.581,"Action,Drama,War","In the last months of World War II, as the Allies make their final push in the European theatre, a battle-hardened U.S. Army sergeant named 'Wardaddy' commands a Sherman tank called 'Fury' and its five-man crew on a deadly mission behind enemy lines. Outnumbered and outgunned, Wardaddy and his men face overwhelming odds in their heroic attempts to strike at the heart of Nazi Germany.",,,https://image.tmdb.org/t/p/original//pfte7wdMobMF4CVHuOxyu6oqeeA.jpg,228150,,
418,The Imitation Game,checked,2014-11-14,39.479,"Drama,History,Thriller,War","Based on the real life story of legendary cryptanalyst Alan Turing, the film portrays the nail-biting race against time by Turing and his brilliant team of code-breakers at Britain's top-secret Government Code and Cypher School at Bletchley Park, during the darkest days of World War II.",,,https://image.tmdb.org/t/p/original//lLZxUpNnLHklJ7IA75CbjfE0xra.jpg,205596,,
419,Nightcrawler,checked,2014-10-23,44.572,"Crime,Drama,Thriller","When Lou Bloom, desperate for work, muscles into the world of L.A. crime journalism, he blurs the line between observer and participant to become the star of his own story. Aiding him in his effort is Nina, a TV-news veteran.",,,https://image.tmdb.org/t/p/original//j9HrX8f7GbZQm1BrBiR40uFQZSb.jpg,242582,,
420,Transformers: Age of Extinction,checked,2014-06-25,34.192,"Action,Adventure,Science Fiction","As humanity picks up the pieces, following the conclusion of ""Transformers: Dark of the Moon,"" Autobots and Decepticons have all but vanished from the face of the planet. However, a group of powerful, ingenious businessman and scientists attempt to learn from past Transformer incursions and push the boundaries of technology beyond what they can control - all while an ancient, powerful Transformer menace sets Earth in his cross-hairs.",,,https://image.tmdb.org/t/p/original//54HFDOswRfShCr25Tvt7JaLiIaf.jpg,91314,,
421,Edge of Tomorrow,checked,2014-05-27,33.588,"Action,Science Fiction","Major Bill Cage is an officer who has never seen a day of combat when he is unceremoniously demoted and dropped into combat. Cage is killed within minutes, managing to take an alpha alien down with him. He awakens back at the beginning of the same day and is forced to fight and die again... and again - as physical contact with the alien has thrown him into a time loop.",,,https://image.tmdb.org/t/p/original//uUHvlkLavotfGsNtosDy8ShsIYF.jpg,137113,,
422,Birdman or (The Unexpected Virtue of Ignorance),checked,2014-08-27,35.35,"Comedy,Drama","A fading actor best known for his portrayal of a popular superhero attempts to mount a comeback by appearing in a Broadway play. As opening night approaches, his attempts to become more altruistic, rebuild his career, and reconnect with friends and family prove more difficult than expected.",,,https://image.tmdb.org/t/p/original//lvWL5ZRlYFh7M7fOvYswcRqyprI.jpg,194662,,
423,Penguins of Madagascar,checked,2014-11-22,33.811,"Adventure,Animation,Comedy,Family","Skipper, Kowalski, Rico and Private join forces with undercover organization The North Wind to stop the villainous Dr. Octavius Brine from destroying the world as we know it.",,,https://image.tmdb.org/t/p/original//gbtwoYMWlG0HZe7sDaTOoijtXCu.jpg,270946,,
424,Terminator Genisys,checked,2015-06-23,56.392,"Action,Adventure,Science Fiction,Thriller","The year is 2029. John Connor, leader of the resistance continues the war against the machines. At the Los Angeles offensive, John's fears of the unknown future begin to emerge when TECOM spies reveal a new plot by SkyNet that will attack him from both fronts; past and future, and will ultimately change warfare forever.",,,https://image.tmdb.org/t/p/original//oZRVDpNtmHk8M1VYy1aeOWUXgbC.jpg,87101,,
425,Avengers: Age of Ultron,checked,2015-04-22,52.41,"Action,Adventure,Science Fiction","When Tony Stark tries to jumpstart a dormant peacekeeping program, things go awry and Earth’s Mightiest Heroes are put to the ultimate test as the fate of the planet hangs in the balance. As the villainous Ultron emerges, it is up to The Avengers to stop him from enacting his terrible plans, and soon uneasy alliances and unexpected action pave the way for an epic and unique global adventure.",,,https://image.tmdb.org/t/p/original//4ssDuvEDkSArWEdyBl2X5EHvYKU.jpg,99861,,
426,Inside Out,checked,2015-06-09,48.959,"Animation,Comedy,Drama,Family","Growing up can be a bumpy road, and it's no exception for Riley, who is uprooted from her Midwest life when her father starts a new job in San Francisco. Riley's guiding emotions— Joy, Fear, Anger, Disgust and Sadness—live in Headquarters, the control centre inside Riley's mind, where they help advise her through everyday life and tries to keep things positive, but the emotions conflict on how best to navigate a new city, house and school.",,,https://image.tmdb.org/t/p/original//lRHE0vzf3oYJrhbsHXjIkF4Tl5A.jpg,150540,,
427,Jupiter Ascending,checked,2015-02-04,46.104,"Action,Adventure,Fantasy,Science Fiction","In a universe where human genetic material is the most precious commodity, an impoverished young Earth woman becomes the key to strategic maneuvers and internal strife within a powerful dynasty…",,,https://image.tmdb.org/t/p/original//mb4zAOosaO9tHyH1n7g0634moK0.jpg,76757,,
428,Chappie,checked,2015-03-04,43.149,"Action,Crime,Science Fiction","Every child comes into the world full of promise, and none more so than Chappie: he is gifted, special, a prodigy. Like any child, Chappie will come under the influence of his surroundings—some good, some bad—and he will rely on his heart and soul to find his way in the world and become his own man. But there's one thing that makes Chappie different from any one else: he is a robot.",,,https://image.tmdb.org/t/p/original//18IydtBgq8aJZpbP6NxCAGjHhae.jpg,198184,,
429,Jurassic World,checked,2015-06-06,42.808,"Action,Adventure,Science Fiction,Thriller","Twenty-two years after the events of Jurassic Park, Isla Nublar now features a fully functioning dinosaur theme park, Jurassic World, as originally envisioned by John Hammond.",,,https://image.tmdb.org/t/p/original//2c0ajTi8nvrsYl5Oi1lVi6F0kd2.jpg,135397,,
430,Ant-Man,checked,2015-07-14,39.871,"Action,Adventure,Science Fiction","Armed with the astonishing ability to shrink in scale but increase in strength, master thief Scott Lang must embrace his inner-hero and help his mentor, Doctor Hank Pym, protect the secret behind his spectacular Ant-Man suit from a new generation of towering threats. Against seemingly insurmountable obstacles, Pym and Lang must plan and pull off a heist that will save the world.",,,https://image.tmdb.org/t/p/original//fddtVEUozxvLmehR5yGZjem44pD.jpg,102899,,
431,The Martian,checked,2015-09-30,40.303,"Drama,Adventure,Science Fiction","During a manned mission to Mars, Astronaut Mark Watney is presumed dead after a fierce storm and left behind by his crew. But Watney has survived and finds himself stranded and alone on the hostile planet. With only meager supplies, he must draw upon his ingenuity, wit and spirit to subsist and find a way to signal to Earth that he is alive.",,,https://image.tmdb.org/t/p/original//5BHuvQ6p9kfc091Z8RiFNhCwL4b.jpg,286217,,
432,Star Wars: The Force Awakens,checked,2015-12-15,35.852,"Action,Adventure,Fantasy,Science Fiction","Thirty years after defeating the Galactic Empire, Han Solo and his allies face a new threat from the evil Kylo Ren and his army of Stormtroopers.",,,https://image.tmdb.org/t/p/original//9rd002JS49RwDW944fF1wjU8iTV.jpg,140607,,
433,Spectre,checked,2015-10-26,50.154,"Action,Adventure,Thriller","A cryptic message from Bond’s past sends him on a trail to uncover a sinister organization. While M battles political forces to keep the secret service alive, Bond peels back the layers of deceit to reveal the terrible truth behind SPECTRE.",,,https://image.tmdb.org/t/p/original//672kUEMtTHcaVYSVY4eiHEliHFa.jpg,206647,,
434,The Hunger Games: Mockingjay - Part 2,checked,2015-11-18,33.358,"Action,Adventure,Science Fiction","With the nation of Panem in a full scale war, Katniss confronts President Snow in the final showdown. Teamed with a group of her closest friends – including Gale, Finnick, and Peeta – Katniss goes off on a mission with the unit from District 13 as they risk their lives to stage an assassination attempt on President Snow who has become increasingly obsessed with destroying her. The mortal traps, enemies, and moral choices that await Katniss will challenge her more than any arena she faced in The Hunger Games.",,,https://image.tmdb.org/t/p/original//lImKHDfExAulp16grYm8zD5eONE.jpg,131634,,
435,Mission: Impossible - Rogue Nation,checked,2015-07-23,33.245,"Action,Adventure","Ethan and team take on their most impossible mission yet—eradicating 'The Syndicate', an International and highly-skilled rogue organisation committed to destroying the IMF.",,,https://image.tmdb.org/t/p/original//oUDKymEL932AeHyl4A4ee8zuBLF.jpg,177677,,
436,Ex Machina,checked,2015-01-16,32.278,"Drama,Science Fiction","Caleb, a 26 year old coder at the world's largest internet company, wins a competition to spend a week at a private mountain retreat belonging to Nathan, the reclusive CEO of the company. But when Caleb arrives at the remote location he finds that he will have to participate in a strange and fascinating experiment in which he must interact with the world's first true artificial intelligence, housed in the body of a beautiful robot girl.",,,https://image.tmdb.org/t/p/original//9goPE2IoMIXxTLWzl7aizwuIiLh.jpg,264660,,
437,Mad Max: Fury Road,checked,2015-05-13,31.107,"Action,Adventure,Science Fiction","An apocalyptic story set in the furthest reaches of our planet, in a stark desert landscape where humanity is broken, and most everyone is crazed fighting for the necessities of life. Within this world exist two rebels on the run who just might be able to restore order.",,,https://image.tmdb.org/t/p/original//sQuxceRcV3cxKH5CAnAUZe0qFKS.jpg,76341,,
438,Batman v Superman: Dawn of Justice,checked,2016-03-23,49.02,"Action,Adventure,Fantasy","Fearing the actions of a god-like Super Hero left unchecked, Gotham City’s own formidable, forceful vigilante takes on Metropolis’s most revered, modern-day savior, while the world wrestles with what sort of hero it really needs. And with Batman and Superman at war with one another, a new threat quickly arises, putting mankind in greater danger than it’s ever known before.",,,https://image.tmdb.org/t/p/original//5UsK3grJvtQrtzEgqNlDljJW96w.jpg,209112,,
439,Zootopia,checked,2016-02-11,37.486,"Adventure,Animation,Comedy,Family","Determined to prove herself, Officer Judy Hopps, the first bunny on Zootopia's police force, jumps at the chance to crack her first case - even if it means partnering with scam-artist fox Nick Wilde to solve the mystery.",,,https://image.tmdb.org/t/p/original//hlK0e0wAQ3VLuJcsfIYPvb4JVud.jpg,269149,,
440,Captain America: Civil War,checked,2016-04-27,41.818,"Action,Adventure,Science Fiction","Following the events of Age of Ultron, the collective governments of the world pass an act designed to regulate all superhuman activity. This polarizes opinion amongst the Avengers, causing two factions to side with Iron Man or Captain America, which causes an epic battle between former allies.",,,https://image.tmdb.org/t/p/original//8xA9XQ6KfvXFKcNLNRWSPT39Gaz.jpg,271110,,
441,Fantastic Beasts and Where to Find Them,checked,2016-11-16,44.43,"Adventure,Fantasy,Family","In 1926, Newt Scamander arrives at the Magical Congress of the United States of America with a magically expanded briefcase, which houses a number of dangerous creatures and their habitats. When the creatures escape from the briefcase, it sends the American wizarding authorities after Newt, and threatens to strain even further the state of magical and non-magical relations.",,,https://image.tmdb.org/t/p/original//h6NYfVUyM6CDURtZSnBpz647Ldd.jpg,259316,,
442,Deadpool,checked,2016-02-09,41.063,"Action,Adventure,Comedy","Deadpool tells the origin story of former Special Forces operative turned mercenary Wade Wilson, who after being subjected to a rogue experiment that leaves him with accelerated healing powers, adopts the alter ego Deadpool. Armed with his new abilities and a dark, twisted sense of humor, Deadpool hunts down the man who nearly destroyed his life.",,,https://image.tmdb.org/t/p/original//yGSxMiF0cYuAiyuve5DA6bnWEOI.jpg,293660,,
443,Doctor Strange,checked,2016-10-25,36.345,"Action,Adventure,Fantasy,Science Fiction","After his career is destroyed, a brilliant but arrogant surgeon gets a new lease on life when a sorcerer takes him under her wing and trains him to defend the world against evil.",,,https://image.tmdb.org/t/p/original//gwi5kL7HEWAOTffiA14e4SbOGra.jpg,284052,,
444,X-Men: Apocalypse,checked,2016-05-18,34.976,"Action,Adventure,Fantasy,Science Fiction","After the re-emergence of the world's first mutant, world-destroyer Apocalypse, the X-Men must unite to defeat his extinction level plan.",,,https://image.tmdb.org/t/p/original//2mtQwJKVKQrZgTz49Dizb25eOQQ.jpg,246655,,
445,Arrival,checked,2016-11-10,28.776,"Drama,Mystery,Science Fiction","Taking place after alien crafts land around the world, an expert linguist is recruited by the military to determine whether they come in peace or are a threat.",,,https://image.tmdb.org/t/p/original//x2FJsf1ElAgr63Y3PNPtJrcmpoe.jpg,329865,,
446,Thor: Ragnarok,checked,2017-10-25,51.445,"Action,Adventure,Comedy,Fantasy","Thor is imprisoned on the other side of the universe and finds himself in a race against time to get back to Asgard to stop Ragnarok, the destruction of his home-world and the end of Asgardian civilization, at the hands of an all-powerful new threat, the ruthless Hela.",,,https://image.tmdb.org/t/p/original//rzRwTcFvttcN1ZpX2xv4j3tSdJu.jpg,284053,,
447,Justice League,checked,2017-11-15,47.65,"Action,Adventure,Fantasy,Science Fiction","Fuelled by his restored faith in humanity and inspired by Superman's selfless act, Bruce Wayne and Diana Prince assemble a team of metahumans consisting of Barry Allen, Arthur Curry and Victor Stone to face the catastrophic threat of Steppenwolf and the Parademons who are on the hunt for three Mother Boxes on Earth.",,,https://image.tmdb.org/t/p/original//eifGNCSDuxJeS1loAXil5bIGgvC.jpg,141052,,
448,Logan,checked,2017-02-28,51.591,"Action,Drama,Science Fiction","In the near future, a weary Logan cares for an ailing Professor X in a hideout on the Mexican border. But Logan's attempts to hide from the world and his legacy are upended when a young mutant arrives, pursued by dark forces.",,,https://image.tmdb.org/t/p/original//fnbjcRDYn6YviCcePDnGdyAkYsB.jpg,263115,,
449,Spider-Man: Homecoming,checked,2017-07-05,41.907,"Action,Adventure,Drama,Science Fiction","Following the events of Captain America: Civil War, Peter Parker, with the help of his mentor Tony Stark, tries to balance his life as an ordinary high school student in Queens, New York City, with fighting crime as his superhero alter ego Spider-Man as a new threat, the Vulture, emerges.",,,https://image.tmdb.org/t/p/original//c24sv2weTHPsmDa7jEMN0m2P3RT.jpg,315635,,
450,Blade Runner 2049,checked,2017-10-04,42.423,"Drama,Science Fiction","Thirty years after the events of the first film, a new blade runner, LAPD Officer K, unearths a long-buried secret that has the potential to plunge what's left of society into chaos. K's discovery leads him on a quest to find Rick Deckard, a former LAPD blade runner who has been missing for 30 years.",,,https://image.tmdb.org/t/p/original//gajva2L0rPYkEWjzgFlBXCAVBE5.jpg,335984,,
451,Star Wars: The Last Jedi,checked,2017-12-13,36.562,"Action,Adventure,Science Fiction","Rey develops her newly discovered abilities with the guidance of Luke Skywalker, who is unsettled by the strength of her powers. Meanwhile, the Resistance prepares to do battle with the First Order.",,,https://image.tmdb.org/t/p/original//kOVEVeg59E0wsnXmF9nrh6OmWII.jpg,181808,,
452,Guardians of the Galaxy Vol. 2,checked,2017-04-19,39.522,"Action,Adventure,Comedy,Science Fiction",The Guardians must fight to keep their newfound family together as they unravel the mysteries of Peter Quill's true parentage.,,,https://image.tmdb.org/t/p/original//y4MBh0EjBlMuOzv9axM4qJlmhzz.jpg,283995,,
453,Wonder Woman,checked,2017-05-30,38.933,"Action,Adventure,Fantasy",An Amazon princess comes to the world of Man in the grips of the First World War to confront the forces of evil and bring an end to human conflict.,,,https://image.tmdb.org/t/p/original//gfJGlDaHuWimErCr5Ql0I8x9QSy.jpg,297762,,
454,Dunkirk,checked,2017-07-19,30.798,"War,Action,Drama","The story of the miraculous evacuation of Allied soldiers from Belgium, Britain, Canada and France, who were cut off and surrounded by the German army from the beaches and harbour of Dunkirk between May 26th and June 4th 1940 during World War II.",,,https://image.tmdb.org/t/p/original//ebSnODDg9lbsMIaWg2uAbjn7TO5.jpg,374720,,
455,Kingsman: The Golden Circle,checked,2017-09-20,35.737,"Action,Adventure,Comedy","When an attack on the Kingsman headquarters takes place and a new villain rises, Eggsy and Merlin are forced to work together with the American agency known as the Statesman to save the world.",,,https://image.tmdb.org/t/p/original//34xBL6BXNYFqtHO9zhcgoakS4aP.jpg,343668,,
456,Baby Driver,checked,2017-06-28,33.63,"Action,Crime","After being coerced into working for a crime boss, a young getaway driver finds himself taking part in a heist doomed to fail.",,,https://image.tmdb.org/t/p/original//rmnQ9jKW72bHu8uKlMjPIb2VLMI.jpg,339403,,
457,Get Out,checked,2017-02-24,29.471,"Horror,Mystery,Thriller","Chris and his girlfriend Rose go upstate to visit her parents for the weekend. At first, Chris reads the family's overly accommodating behavior as nervous attempts to deal with their daughter's interracial relationship, but as the weekend progresses, a series of increasingly disturbing discoveries lead him to a truth that he never could have imagined.",,,https://image.tmdb.org/t/p/original//qbaIViX3tgWSTSFXbldq0ODMdi4.jpg,419430,,
458,Avengers: Infinity War,checked,2018-04-25,88.265,"Action,Adventure,Science Fiction","As the Avengers and their allies have continued to protect the world from threats too large for any one hero to handle, a new danger has emerged from the cosmic shadows: Thanos. A despot of intergalactic infamy, his goal is to collect all six Infinity Stones, artifacts of unimaginable power, and use them to inflict his twisted will on all of reality. Everything the Avengers have fought for has led up to this moment - the fate of Earth and existence itself has never been more uncertain.",,,https://image.tmdb.org/t/p/original//7WsyChQLEftFiDOVTGkv3hFpyyt.jpg,299536,,
459,Spider-Man: Into the Spider-Verse,checked,2018-12-06,48.518,"Action,Adventure,Animation,Comedy,Science Fiction","Miles Morales is juggling his life between being a high school student and being a spider-man. When Wilson ""Kingpin"" Fisk uses a super collider, others from across the Spider-Verse are transported to this dimension.",,,https://image.tmdb.org/t/p/original//iiZZdoQBEYBv6id8su7ImL0oCbD.jpg,324857,,
460,Black Panther,checked,2018-02-13,53.868,"Action,Adventure,Fantasy,Science Fiction","King T'Challa returns home from America to the reclusive, technologically advanced African nation of Wakanda to serve as his country's new leader. However, T'Challa soon finds that he is challenged for the throne by factions within his own country as well as without. Using powers reserved to Wakandan kings, T'Challa assumes the Black Panther mantel to join with girlfriend Nakia, the queen-mother, his princess-kid sister, members of the Dora Milaje (the Wakandan 'special forces') and an American secret agent, to prevent Wakanda from being dragged into a world war.",,,https://image.tmdb.org/t/p/original//uxzzxijgPIY7slzFvMotPv8wjKA.jpg,284054,,
461,Deadpool 2,checked,2018-05-10,52.255,"Action,Adventure,Comedy",Wisecracking mercenary Deadpool battles the evil and powerful Cable and other bad guys to save a boy's life.,,,https://image.tmdb.org/t/p/original//to0spRl1CMDvyUbOnbb4fTk3VAd.jpg,383498,,
462,Ralph Breaks the Internet,checked,2018-11-20,29.446,"Adventure,Animation,Comedy,Family","Video game bad guy Ralph and fellow misfit Vanellope von Schweetz must risk it all by traveling to the World Wide Web in search of a replacement part to save Vanellope's video game, Sugar Rush. In way over their heads, Ralph and Vanellope rely on the citizens of the internet — the netizens — to help navigate their way, including an entrepreneur named Yesss, who is the head algorithm and the heart and soul of trend-making site BuzzzTube.",,,https://image.tmdb.org/t/p/original//qEnH5meR381iMpmCumAIMswcQw2.jpg,404368,,
463,Ready Player One,checked,2018-03-28,36.5,"Adventure,Science Fiction","When the creator of a popular video game system dies, a virtual contest is created to compete for his fortune.",,,https://image.tmdb.org/t/p/original//pU1ULUq8D3iRxl1fdX2lZIzdHuI.jpg,333339,,
464,Solo: A Star Wars Story,checked,2018-05-15,28.981,"Adventure,Science Fiction","Through a series of daring escapades deep within a dark and dangerous criminal underworld, Han Solo meets his mighty future copilot Chewbacca and encounters the notorious gambler Lando Calrissian.",,,https://image.tmdb.org/t/p/original//4oD6VEccFkorEBTEDXtpLAaz0Rl.jpg,348350,,
465,Mission: Impossible - Fallout,checked,2018-07-13,27.083,"Action,Adventure","When an IMF mission ends badly, the world is faced with dire consequences. As Ethan Hunt takes it upon himself to fulfill his original briefing, the CIA begin to question his loyalty and his motives. The IMF team find themselves in a race against time, hunted by assassins while trying to prevent a global catastrophe.",,,https://image.tmdb.org/t/p/original//AkJQpZp9WoNdj7pLYSj1L0RcMMN.jpg,353081,,
466,Bohemian Rhapsody,checked,2018-10-24,31.988,"Drama,Music","Singer Freddie Mercury, guitarist Brian May, drummer Roger Taylor and bass guitarist John Deacon take the music world by storm when they form the rock 'n' roll band Queen in 1970. Hit songs become instant classics. When Mercury's increasingly wild lifestyle starts to spiral out of control, Queen soon faces its greatest challenge yet – finding a way to keep the band together amid the success and excess.",,,https://image.tmdb.org/t/p/original//lHu1wtNaczFPGFDTrjCSzeLPTKN.jpg,424694,,
467,Venom,checked,2018-09-28,37.003,"Action,Science Fiction","Investigative journalist Eddie Brock attempts a comeback following a scandal, but accidentally becomes the host of Venom, a violent, super powerful alien symbiote. Soon, he must rely on his newfound powers to protect the world from a shadowy organization looking for a symbiote of their own.",,,https://image.tmdb.org/t/p/original//2uNW4WbgBXL25BAbXGLnLqX71Sw.jpg,335983,,
468,BlacKkKlansman,checked,2018-07-30,22.161,"Comedy,Crime,Drama,History","Colorado Springs, late 1970s. Ron Stallworth, an African American police officer, and Flip Zimmerman, his Jewish colleague, run an undercover operation to infiltrate the Ku Klux Klan.",,,https://image.tmdb.org/t/p/original//8jxqAvSDoneSKRczaK8v9X5gqBp.jpg,487558,,
469,Ant-Man and the Wasp,checked,2018-07-04,42.41,"Action,Adventure,Comedy,Science Fiction","Just when his time under house arrest is about to end, Scott Lang once again puts his freedom at risk to help Hope van Dyne and Dr. Hank Pym dive into the quantum realm and try to accomplish, against time and any chance of success, a very dangerous rescue mission.",,,https://image.tmdb.org/t/p/original//eivQmS3wqzqnQWILHLc4FsEfcXP.jpg,363088,,
470,The Predator,checked,2018-09-05,22.281,"Action,Adventure,Comedy,Horror,Science Fiction,Thriller","When a kid accidentally triggers the universe's most lethal hunters' return to Earth, only a ragtag crew of ex-soldiers and a disgruntled female scientist can prevent the end of the human race.",,,https://image.tmdb.org/t/p/original//wMq9kQXTeQCHUZOG4fAe5cAxyUA.jpg,346910,,
471,Annihilation,checked,2018-02-22,23.532,"Science Fiction,Horror","A biologist signs up for a dangerous, secret expedition into a mysterious zone where the laws of nature don't apply.",,,https://image.tmdb.org/t/p/original//d3qcpfNwbAMCNqWDHzPQsUYiUgS.jpg,300668,,
472,Jurassic World: Fallen Kingdom,checked,2018-06-06,32.631,"Action,Adventure,Science Fiction","Three years after the demise of Jurassic World, a volcanic eruption threatens the remaining dinosaurs on the isla Nublar, so Claire Dearing, the former park manager, recruits Owen Grady to help prevent the extinction of the dinosaurs once again.",,,https://image.tmdb.org/t/p/original//c9XxwwhPHdaImA2f1WEfEsbhaFB.jpg,351286,,
473,Rampage,checked,2018-04-12,27.271,"Action,Adventure,Fantasy,Science Fiction","Primatologist Davis Okoye shares an unshakable bond with George, the extraordinarily intelligent, silverback gorilla who has been in his care since birth.  But a rogue genetic experiment gone awry mutates this gentle ape into a raging creature of enormous size.  To make matters worse, it’s soon discovered there are other similarly altered animals.  As these newly created alpha predators tear across North America, destroying everything in their path, Okoye teams with a discredited genetic engineer to secure an antidote, fighting his way through an ever-changing battlefield, not only to halt a global catastrophe but to save the fearsome creature that was once his friend.",,,https://image.tmdb.org/t/p/original//MGADip4thVSErP34FAAfzFBTZ5.jpg,427641,,
474,Ad Astra,checked,2019-09-17,201.635,"Drama,Science Fiction","The near future, a time when both hope and hardships drive humanity to look to the stars and beyond. While a mysterious phenomenon menaces to destroy life on planet Earth, astronaut Roy McBride undertakes a mission across the immensity of space and its many perils to uncover the truth about a lost expedition that decades before boldly faced emptiness and silence in search of the unknown.",,,https://image.tmdb.org/t/p/original//xBHvZcjRiWyobQ9kxBhO6B2dtRI.jpg,419704,,
475,Parasite,checked,2019-05-30,117.774,"Comedy,Drama,Thriller","All unemployed, Ki-taek's family takes peculiar interest in the wealthy and glamorous Parks for their livelihood until they get entangled in an unexpected incident.",,,https://image.tmdb.org/t/p/original//7IiTTgloJzvGI1TAYymCfbfl3vT.jpg,496243,,
476,Terminator: Dark Fate,checked,2019-10-23,86.701,"Action,Adventure,Science Fiction","Decades after Sarah Connor prevented Judgment Day, a lethal new Terminator is sent to eliminate the future leader of the resistance. In a fight to save mankind, battle-hardened Sarah Connor teams up with an unexpected ally and an enhanced super soldier to stop the deadliest Terminator yet.",,,https://image.tmdb.org/t/p/original//i8QWXu6dGuTKKerJtnd0A4lUpbv.jpg,290859,,
477,1917,checked,2019-12-25,86.727,"Action,Drama,History,War","At the height of the First World War, two young British soldiers must cross enemy territory and deliver a message that will stop a deadly attack on hundreds of soldiers.",,,https://image.tmdb.org/t/p/original//iZf0KyrE25z1sage4SYFLCCrMi9.jpg,530915,,
478,Joker,checked,2019-10-02,92.371,"Crime,Drama,Thriller","During the 1980s, a failed stand-up comedian is driven insane and turns to a life of crime and chaos in Gotham City while becoming an infamous psychopathic crime figure.",,,https://image.tmdb.org/t/p/original//udDclJoHjfjb8Ekgsd4FDteOkCU.jpg,475557,,
479,Star Wars: The Rise of Skywalker,checked,2019-12-18,81.403,"Action,Adventure,Science Fiction","The surviving Resistance faces the First Order once again as the journey of Rey, Finn and Poe Dameron continues. With the power and knowledge of generations behind them, the final battle begins.",,,https://image.tmdb.org/t/p/original//db32LaOibwEliAmSL2jjDF6oDdj.jpg,181812,,
480,Doctor Sleep,checked,2019-10-30,67.325,"Drama,Fantasy,Horror,Thriller","Still irrevocably scarred by the trauma he endured as a child at the Overlook, Dan Torrance has fought to find some semblance of peace. But that peace is shattered when he encounters Abra, a courageous teenager with her own powerful extrasensory gift, known as the 'shine'. Instinctively recognising that Dan shares her power, Abra has sought him out, desperate for his help against the merciless Rose the Hat and her followers.",,,https://image.tmdb.org/t/p/original//p69QzIBbN06aTYqRRiCOY1emNBh.jpg,501170,,
481,Spider-Man: Far from Home,checked,2019-06-28,83.275,"Action,Adventure,Science Fiction","Peter Parker and his friends go on a summer trip to Europe. However, they will hardly be able to rest - Peter will have to agree to help Nick Fury uncover the mystery of creatures that cause natural disasters and destruction throughout the continent.",,,https://image.tmdb.org/t/p/original//4q2NNj4S5dG2RLF9CpXsej7yXl.jpg,429617,,
482,Knives Out,checked,2019-11-27,66.869,"Comedy,Crime,Drama,Mystery,Thriller","When renowned crime novelist Harlan Thrombey is found dead at his estate just after his 85th birthday, the inquisitive and debonair Detective Benoit Blanc is mysteriously enlisted to investigate. From Harlan's dysfunctional family to his devoted staff, Blanc sifts through a web of red herrings and self-serving lies to uncover the truth behind Harlan's untimely death.",,,https://image.tmdb.org/t/p/original//pThyQovXQrw2m0s9x82twj48Jq4.jpg,546554,,
483,Captain Marvel,checked,2019-03-06,61.572,"Action,Adventure,Science Fiction","The story follows Carol Danvers as she becomes one of the universe’s most powerful heroes when Earth is caught in the middle of a galactic war between two alien races. Set in the 1990s, Captain Marvel is an all-new adventure from a previously unseen period in the history of the Marvel Cinematic Universe.",,,https://image.tmdb.org/t/p/original//AtsgWhDnHTq68L0lLsUrCnM7TjG.jpg,299537,,